time,t2m,u10,v10,d2m,sf,tp,longitude,latitude
01/01/17 12:00,295.18082,-0.026832461,-1.3293282,291.34882,0,0,88.37999725,22.87999916
02/01/17 12:00,295.43665,-0.004036188,-2.18571,290.84296,0,0,88.37999725,22.87999916
03/01/17 12:00,296.14456,0.8475094,-2.3201513,290.34433,0,0,88.37999725,22.87999916
04/01/17 12:00,294.4398,1.6023729,-1.768268,289.98276,0,0,88.37999725,22.87999916
05/01/17 12:00,295.22455,0.714612,-2.2230906,289.77798,0,0,88.37999725,22.87999916
06/01/17 12:00,293.6969,-0.26304054,-2.6586614,288.169,0,0,88.37999725,22.87999916
07/01/17 12:00,294.2583,-0.7179958,-2.3434138,288.8537,0,0,88.37999725,22.87999916
08/01/17 12:00,294.7447,-0.9430483,-2.2330375,289.82236,0,0,88.37999725,22.87999916
09/01/17 12:00,296.0349,-1.3014832,-1.9753848,290.57147,0,0,88.37999725,22.87999916
10/01/17 12:00,293.13647,-0.4407221,-2.1839452,286.46143,0,0,88.37999725,22.87999916
11/01/17 12:00,294.74844,-0.17023873,-1.9121748,288.28537,0,1.86E-07,88.37999725,22.87999916
12/01/17 12:00,292.9756,0.1582861,-1.8914791,285.87634,0,0,88.37999725,22.87999916
13/01/17 12:00,292.26926,0.23152518,-2.2274222,284.4485,0,0,88.37999725,22.87999916
14/01/17 12:00,291.72473,0.8475094,-2.0320172,281.91882,0,0,88.37999725,22.87999916
15/01/17 12:00,293.02994,1.2677042,-2.3305793,284.932,0,0,88.37999725,22.87999916
16/01/17 12:00,293.57852,1.513613,-1.8662916,285.41418,0,0,88.37999725,22.87999916
17/01/17 12:00,294.94995,-0.23798084,-2.3369966,287.98428,0,0,88.37999725,22.87999916
18/01/17 12:00,295.87247,-0.5162246,-2.7008548,288.48227,0,0,88.37999725,22.87999916
19/01/17 12:00,295.93463,1.1394956,-2.1075802,287.6681,0,0,88.37999725,22.87999916
20/01/17 12:00,295.96304,1.2785366,-1.9054369,287.8972,0,0,88.37999725,22.87999916
21/01/17 12:00,295.43292,1.5527384,-2.457962,286.0693,0,0,88.37999725,22.87999916
22/01/17 12:00,296.0555,1.934778,-1.7304064,287.4186,0,0,88.37999725,22.87999916
23/01/17 12:00,297.4335,0.6638458,-2.0597715,287.76407,0,0,88.37999725,22.87999916
24/01/17 12:00,296.5591,-0.019233704,-2.6775923,289.8138,0,0,88.37999725,22.87999916
25/01/17 12:00,296.63034,0.8969822,-2.3187075,290.61255,0,0,88.37999725,22.87999916
26/01/17 12:00,298.34695,0.17316031,-1.2487918,291.29065,0,0,88.37999725,22.87999916
27/01/17 12:00,297.96115,0.11140013,0.66996574,291.85437,0,0,88.37999725,22.87999916
28/01/17 12:00,297.0002,1.3299494,-1.5067652,290.297,0,0,88.37999725,22.87999916
29/01/17 12:00,294.98618,1.0321429,-1.988861,287.92743,0,0,88.37999725,22.87999916
30/01/17 12:00,296.59723,1.1687589,-1.6148957,289.41806,0,0,88.37999725,22.87999916
31/01/17 12:00,296.5488,1.5068226,-0.44551265,289.96436,0,0,88.37999725,22.87999916
01/02/17 12:00,296.81058,-0.091502786,-2.191646,290.67764,0,0,88.37999725,22.87999916
02/02/17 12:00,296.36697,1.0103166,-1.6963948,289.59686,0,0,88.37999725,22.87999916
03/02/17 12:00,295.76404,0.66303754,-2.2631984,288.0372,0,0,88.37999725,22.87999916
04/02/17 12:00,296.46008,0.07211304,-2.2360854,291.12204,0,0,88.37999725,22.87999916
05/02/17 12:00,299.77713,0.15569925,0.12289524,290.19083,0,0,88.37999725,22.87999916
06/02/17 12:00,299.95737,1.2022257,-0.683753,290.3233,0,0,88.37999725,22.87999916
07/02/17 12:00,300.4491,0.90749097,-1.468422,289.95056,0,0,88.37999725,22.87999916
08/02/17 12:00,298.66403,1.4495895,-0.77872825,286.62906,0,0,88.37999725,22.87999916
09/02/17 12:00,298.41226,1.8756046,-1.150287,289.4687,0,0,88.37999725,22.87999916
10/02/17 12:00,299.839,-0.5178414,-1.5990132,290.08728,0,0,88.37999725,22.87999916
11/02/17 12:00,298.74277,-0.9988264,-1.7320107,291.4218,0,0,88.37999725,22.87999916
12/02/17 12:00,299.3429,0.11317861,-1.9826041,291.07108,0,0,88.37999725,22.87999916
13/02/17 12:00,300.51938,0.81711435,-0.9186243,293.1008,0,0,88.37999725,22.87999916
14/02/17 12:00,299.93863,-0.016808629,-1.8757571,292.27673,0,0,88.37999725,22.87999916
15/02/17 12:00,299.25385,0.74904895,-2.173036,288.75476,0,0,88.37999725,22.87999916
16/02/17 12:00,299.22794,-0.10767031,-1.8812116,290.3588,0,0,88.37999725,22.87999916
17/02/17 12:00,298.76215,-1.2665613,-0.49396288,291.6315,0,0,88.37999725,22.87999916
18/02/17 12:00,299.55188,-0.4898715,0.823338,292.02133,0,0,88.37999725,22.87999916
19/02/17 12:00,300.63217,0.325297,-0.3158841,293.81406,0,1.86E-07,88.37999725,22.87999916
20/02/17 12:00,301.93768,2.0833578,0.6800729,293.8775,0,0,88.37999725,22.87999916
21/02/17 12:00,303.03574,-0.3262558,4.7006397,294.718,0,0,88.37999725,22.87999916
22/02/17 12:00,302.80927,0.09652603,3.509759,295.26822,0,0,88.37999725,22.87999916
23/02/17 12:00,300.70496,1.6098099,-1.0755261,288.311,0,0,88.37999725,22.87999916
24/02/17 12:00,299.7509,1.9926579,0.030005574,286.6432,0,0,88.37999725,22.87999916
25/02/17 12:00,299.05298,2.2185187,-0.4881873,284.64835,0,0,88.37999725,22.87999916
26/02/17 12:00,300.9789,1.4463558,-1.0596434,285.63672,0,0,88.37999725,22.87999916
27/02/17 12:00,301.50656,0.8209946,-2.2875838,287.25424,0,0,88.37999725,22.87999916
28/02/17 12:00,300.89676,1.2712612,-1.9262928,287.25787,0,0,88.37999725,22.87999916
01/03/17 12:00,302.107,0.8562398,-1.3270823,288.62854,0,0,88.37999725,22.87999916
02/03/17 12:00,305.2841,0.2897284,2.6304355,289.97455,0,0,88.37999725,22.87999916
03/03/17 12:00,305.36093,-0.71670246,0.032732844,289.30762,0,0,88.37999725,22.87999916
04/03/17 12:00,302.06824,-1.579242,0.8809328,293.51923,0,0.000226794,88.37999725,22.87999916
05/03/17 12:00,303.7124,1.6678514,-0.30160582,294.78635,0,0.000228092,88.37999725,22.87999916
06/03/17 12:00,302.485,-0.011150003,-1.8427082,289.30533,0,0,88.37999725,22.87999916
07/03/17 12:00,302.2963,-1.2390764,-0.3834257,290.98495,0,0,88.37999725,22.87999916
08/03/17 12:00,295.7456,0.10929835,2.1454518,293.3266,0,4.72E-05,88.37999725,22.87999916
09/03/17 12:00,299.0389,-1.9501258,1.371371,294.69235,0,2.03E-05,88.37999725,22.87999916
10/03/17 12:00,301.06046,-0.87320447,0.7941395,295.88223,0,4.83E-05,88.37999725,22.87999916
11/03/17 12:00,299.70932,0.5138109,0.5985738,295.827,0,0.003298248,88.37999725,22.87999916
12/03/17 12:00,300.2326,-0.4132372,-1.731048,292.49402,0,0,88.37999725,22.87999916
13/03/17 12:00,299.26385,-1.3174891,-1.0463275,288.29556,0,0,88.37999725,22.87999916
14/03/17 12:00,301.27664,-0.37960875,-0.8464302,288.78763,0,0,88.37999725,22.87999916
15/03/17 12:00,301.31317,-1.014509,-0.9707645,288.13516,0,0,88.37999725,22.87999916
16/03/17 12:00,301.5656,0.12190914,-1.5587448,287.66708,0,0,88.37999725,22.87999916
17/03/17 12:00,301.77805,-1.8715515,1.948763,290.8492,0,0,88.37999725,22.87999916
18/03/17 12:00,303.42343,0.5130024,-1.5751089,287.9731,0,0,88.37999725,22.87999916
19/03/17 12:00,300.6765,0.3172133,1.1822226,291.25876,0,0.000266108,88.37999725,22.87999916
20/03/17 12:00,298.2098,-1.2877407,0.2643956,291.45303,0,0,88.37999725,22.87999916
21/03/17 12:00,301.0011,-1.3656684,1.96994,292.38422,0,0,88.37999725,22.87999916
22/03/17 12:00,303.09918,-0.9090964,1.4081098,292.79477,0,0,88.37999725,22.87999916
23/03/17 12:00,304.49683,-1.4300153,3.4580998,294.83105,0,0,88.37999725,22.87999916
24/03/17 12:00,306.46182,-0.97473675,0.84531707,295.0536,0,0,88.37999725,22.87999916
25/03/17 12:00,304.37906,-1.4608954,2.286631,296.50183,0,3.02E-05,88.37999725,22.87999916
26/03/17 12:00,304.0904,-1.3729439,2.5739636,298.03848,0,0.000150949,88.37999725,22.87999916
27/03/17 12:00,306.19534,-1.6870795,3.5744128,296.71152,0,0,88.37999725,22.87999916
28/03/17 12:00,304.6749,-2.0650773,3.3847828,297.83304,0,0,88.37999725,22.87999916
29/03/17 12:00,305.75894,-1.4132011,3.1279325,297.7443,0,0,88.37999725,22.87999916
30/03/17 12:00,304.91138,-0.21243608,5.5069675,298.66595,0,0,88.37999725,22.87999916
31/03/17 12:00,305.82483,-1.0492692,4.842301,298.83096,0,0,88.37999725,22.87999916
01/04/17 12:00,305.3681,-1.2914593,5.198779,298.70673,0,0,88.37999725,22.87999916
02/04/17 12:00,305.05167,-1.5372063,5.715047,299.48474,0,0,88.37999725,22.87999916
03/04/17 12:00,306.18192,0.7420969,5.163003,294.81165,0,0,88.37999725,22.87999916
04/04/17 12:00,305.5084,-1.4392308,5.099312,298.6696,0,0,88.37999725,22.87999916
05/04/17 12:00,304.71457,-0.33272278,3.5864449,298.53284,0,0,88.37999725,22.87999916
06/04/17 12:00,304.1285,-2.3463929,2.3998957,299.0637,0,4.64E-06,88.37999725,22.87999916
07/04/17 12:00,306.14005,-1.5026077,3.4877796,298.54797,0,0,88.37999725,22.87999916
08/04/17 12:00,306.54837,-1.1244484,3.5806694,298.2689,0,0,88.37999725,22.87999916
09/04/17 12:00,306.71768,0.23912394,2.4271688,298.62653,0,4.36E-06,88.37999725,22.87999916
10/04/17 12:00,308.27686,0.044466496,2.0653965,294.31564,0,0,88.37999725,22.87999916
11/04/17 12:00,307.30093,1.5407743,-0.4320364,287.76703,0,0,88.37999725,22.87999916
12/04/17 12:00,307.47275,-0.67208,3.2095919,293.9442,0,0,88.37999725,22.87999916
13/04/17 12:00,306.6224,-0.82615685,2.7090466,293.66714,0,0,88.37999725,22.87999916
14/04/17 12:00,305.93948,-0.3760519,4.7596784,293.0173,0,0,88.37999725,22.87999916
15/04/17 12:00,305.45496,-0.2594837,5.171987,295.48944,0,0,88.37999725,22.87999916
16/04/17 12:00,302.7646,0.82697654,2.329306,295.7534,0,1.86E-07,88.37999725,22.87999916
17/04/17 12:00,307.3081,-0.22229838,1.158158,296.40945,0,0,88.37999725,22.87999916
18/04/17 12:00,305.63583,-0.44896758,4.8556166,297.44058,0,0,88.37999725,22.87999916
19/04/17 12:00,304.14197,-0.59172714,6.3447394,299.1097,0,0.005583527,88.37999725,22.87999916
20/04/17 12:00,303.793,-0.6400682,3.9657044,298.41748,0,0,88.37999725,22.87999916
21/04/17 12:00,305.7733,-1.6589481,4.8169527,299.13995,0,0.00034288,88.37999725,22.87999916
22/04/17 12:00,304.16602,-1.8524737,5.689217,298.38492,0,3.95E-05,88.37999725,22.87999916
23/04/17 12:00,302.23883,-1.4222549,3.1043491,299.10083,0,0.002870622,88.37999725,22.87999916
24/04/17 12:00,305.0095,-1.2146634,4.089076,299.24084,0,0.000137783,88.37999725,22.87999916
25/04/17 12:00,307.16068,-1.045874,4.927971,300.7085,0,0,88.37999725,22.87999916
26/04/17 12:00,308.04163,-1.5265356,4.0743165,298.91577,0,0,88.37999725,22.87999916
27/04/17 12:00,306.26877,-0.82987535,4.180682,298.81256,0,0,88.37999725,22.87999916
28/04/17 12:00,305.68863,0.13274133,3.907147,299.45877,0,0.00080064,88.37999725,22.87999916
29/04/17 12:00,306.68207,-0.08325732,4.238277,298.72348,0,0,88.37999725,22.87999916
30/04/17 12:00,306.60397,-0.46950042,5.121451,297.96683,0,0.00013018,88.37999725,22.87999916
01/05/17 12:00,304.5465,0.9372394,2.3859382,298.6229,0,5.95E-05,88.37999725,22.87999916
02/05/17 12:00,305.5062,-0.17363393,2.1353445,297.58948,0,0,88.37999725,22.87999916
03/05/17 12:00,306.912,-0.09813142,2.1744897,298.38623,0,0,88.37999725,22.87999916
04/05/17 12:00,308.28622,2.5318463,-0.050851822,298.58643,0,0,88.37999725,22.87999916
05/05/17 12:00,306.01697,-0.1707238,3.224352,299.43872,0,0,88.37999725,22.87999916
06/05/17 12:00,306.89792,-0.62099046,4.1372056,299.3924,0,7.46E-05,88.37999725,22.87999916
07/05/17 12:00,308.03976,-0.48437452,3.3748364,298.11047,0,0,88.37999725,22.87999916
08/05/17 12:00,307.56552,-1.0177424,1.2914762,297.99344,0,0,88.37999725,22.87999916
09/05/17 12:00,298.83588,-3.3557339,0.1966936,296.61325,0,0.001417416,88.37999725,22.87999916
10/05/17 12:00,305.5721,0.204687,1.2646843,298.53186,0,4.64E-07,88.37999725,22.87999916
11/05/17 12:00,305.85107,-1.2073879,1.92903,298.6124,0,0,88.37999725,22.87999916
12/05/17 12:00,307.69925,-0.7018283,0.9683678,298.47925,0,4.64E-07,88.37999725,22.87999916
13/05/17 12:00,302.22165,1.0491188,0.22717553,298.1098,0,0.000472317,88.37999725,22.87999916
14/05/17 12:00,307.658,-0.87320447,3.1444569,299.6159,0,5.60E-05,88.37999725,22.87999916
15/05/17 12:00,306.32437,-0.64491844,5.026155,300.05536,0,1.93E-05,88.37999725,22.87999916
16/05/17 12:00,305.66208,-1.0921133,2.3073268,298.33923,0,2.50E-06,88.37999725,22.87999916
17/05/17 12:00,307.07758,-2.1172984,0.16909945,300.3594,0,2.78E-07,88.37999725,22.87999916
18/05/17 12:00,307.8089,-0.22811866,3.678372,299.45813,0,9.27E-07,88.37999725,22.87999916
19/05/17 12:00,308.90103,-0.5817033,1.1974636,298.215,0,0,88.37999725,22.87999916
20/05/17 12:00,308.11786,-0.3262558,3.5155344,300.52966,0,0.000381266,88.37999725,22.87999916
21/05/17 12:00,309.09848,-0.42633295,3.0993757,299.32666,0,0,88.37999725,22.87999916
22/05/17 12:00,308.92758,-0.6557507,4.1469917,299.49362,0,0,88.37999725,22.87999916
23/05/17 12:00,309.92883,-0.6135534,2.9354153,299.12778,0,0,88.37999725,22.87999916
24/05/17 12:00,308.5752,-0.5304521,3.3114657,298.8566,0,0,88.37999725,22.87999916
25/05/17 12:00,308.38184,0.18269908,4.2268863,298.9069,0,0,88.37999725,22.87999916
26/05/17 12:00,305.54932,-0.121251106,3.9998765,297.93756,0,0,88.37999725,22.87999916
27/05/17 12:00,305.62335,0.65382195,1.6378473,298.84543,0,0.000237735,88.37999725,22.87999916
28/05/17 12:00,306.0176,-0.540961,1.16265,298.0835,0,0.000143068,88.37999725,22.87999916
29/05/17 12:00,304.7274,-1.4392308,-1.4361755,298.69028,0,4.64E-07,88.37999725,22.87999916
30/05/17 12:00,305.08163,-0.039928198,-2.321916,298.08615,0,6.50E-05,88.37999725,22.87999916
31/05/17 12:00,303.80237,-1.0432873,2.0753431,299.8302,0,0.002251992,88.37999725,22.87999916
01/06/17 12:00,305.27377,0.85058117,2.9307625,300.44193,0,0.000782838,88.37999725,22.87999916
02/06/17 12:00,306.00198,0.07550812,5.5602307,299.55606,0,6.49E-07,88.37999725,22.87999916
03/06/17 12:00,307.01508,0.88485646,2.746748,300.99905,0,0.001961685,88.37999725,22.87999916
04/06/17 12:00,309.1194,-2.7218037,3.7797647,301.70248,0,0.00017042,88.37999725,22.87999916
05/06/17 12:00,304.61462,-3.479254,0.40814197,297.5152,0,0,88.37999725,22.87999916
06/06/17 12:00,305.3756,-1.8076897,0.4108693,299.69708,0,0.000155307,88.37999725,22.87999916
07/06/17 12:00,307.1213,-0.2059691,2.4002166,299.19385,0,9.27E-07,88.37999725,22.87999916
08/06/17 12:00,303.68616,-1.2102982,2.6613984,299.5873,0,0.000214092,88.37999725,22.87999916
09/06/17 12:00,303.4103,-1.659433,-0.061279774,299.47818,0,1.39E-06,88.37999725,22.87999916
10/06/17 12:00,307.18002,-1.4334105,-0.97525656,299.10083,0,2.29E-05,88.37999725,22.87999916
11/06/17 12:00,303.36722,-2.1032326,-3.4584107,299.3641,0,0.000219377,88.37999725,22.87999916
12/06/17 12:00,302.70212,0.104124784,1.0800279,299.75528,0,0.000372458,88.37999725,22.87999916
13/06/17 12:00,306.3734,-0.61242163,3.3236585,300.69763,0,0,88.37999725,22.87999916
14/06/17 12:00,306.4484,-1.1836216,4.145708,300.67136,0,0,88.37999725,22.87999916
15/06/17 12:00,303.54996,-1.8118932,0.86103934,298.70377,0,0,88.37999725,22.87999916
16/06/17 12:00,303.02795,-1.0217843,0.7689518,299.6997,0,0.001555569,88.37999725,22.87999916
17/06/17 12:00,305.4859,-0.67127156,2.6330023,300.8104,0,0.001413522,88.37999725,22.87999916
18/06/17 12:00,306.285,0.45706272,4.107365,300.7134,0,1.86E-07,88.37999725,22.87999916
19/06/17 12:00,303.99106,-1.4308237,1.1594414,300.68286,0,0.002076102,88.37999725,22.87999916
20/06/17 12:00,301.25726,-1.7865101,0.9279392,299.05844,0,0.001677682,88.37999725,22.87999916
21/06/17 12:00,302.68494,0.27291417,1.6482754,299.59586,0,0,88.37999725,22.87999916
22/06/17 12:00,301.8808,-0.84604293,2.106146,299.43216,0,0.0006152,88.37999725,22.87999916
23/06/17 12:00,302.68774,-0.25317836,1.5980604,299.15506,0,0.00018303,88.37999725,22.87999916
24/06/17 12:00,302.7824,-1.6152956,1.7599355,299.85748,0,0.001043568,88.37999725,22.87999916
25/06/17 12:00,304.06384,-2.1337893,0.3981952,299.80457,0,5.02E-05,88.37999725,22.87999916
26/06/17 12:00,304.62524,-2.2702436,2.3580232,299.9068,0,2.92E-05,88.37999725,22.87999916
27/06/17 12:00,304.52838,-2.0713825,3.0161119,299.77893,0,0.000102827,88.37999725,22.87999916
28/06/17 12:00,303.96732,-2.8467789,1.7729304,300.00638,0,4.25E-05,88.37999725,22.87999916
29/06/17 12:00,304.43716,-1.8325877,1.8372633,300.26804,0,2.52E-05,88.37999725,22.87999916
30/06/17 12:00,304.27097,-0.43118322,2.482999,300.61975,0,9.04E-05,88.37999725,22.87999916
01/07/17 12:00,303.40656,-1.2997048,1.1571953,300.36334,0,5.38E-06,88.37999725,22.87999916
02/07/17 12:00,302.66025,1.9698615,1.8632531,299.5334,0,8.07E-06,88.37999725,22.87999916
03/07/17 12:00,303.17914,0.05238855,2.269465,300.1612,0,0.000860723,88.37999725,22.87999916
04/07/17 12:00,302.35754,1.4701221,2.286952,299.88608,0,0.00015679,88.37999725,22.87999916
05/07/17 12:00,302.3791,1.0004544,0.93515855,300.2506,0,0.001178754,88.37999725,22.87999916
06/07/17 12:00,302.62213,0.5770259,0.90852696,300.5287,0,0.000297262,88.37999725,22.87999916
07/07/17 12:00,303.30627,-0.2601304,1.546241,300.36172,0,0.000170791,88.37999725,22.87999916
08/07/17 12:00,303.7099,-0.6458885,3.512486,300.4166,0,1.58E-05,88.37999725,22.87999916
09/07/17 12:00,304.90857,-1.3569379,3.0255775,300.03925,0,1.38E-05,88.37999725,22.87999916
10/07/17 12:00,303.4147,-1.1320472,2.1122425,300.15958,0,0.000231337,88.37999725,22.87999916
11/07/17 12:00,300.9789,-0.9284975,1.0128073,299.57086,0,0.001392289,88.37999725,22.87999916
12/07/17 12:00,302.15198,-1.682876,0.18097132,299.70267,0,0.000637731,88.37999725,22.87999916
13/07/17 12:00,302.33722,-0.98653907,1.4247947,299.78912,0,5.27E-05,88.37999725,22.87999916
14/07/17 12:00,303.72177,-1.964515,1.5701454,299.62183,0,8.43E-05,88.37999725,22.87999916
15/07/17 12:00,305.10913,-1.1921904,1.3185892,299.86044,0,6.82E-05,88.37999725,22.87999916
16/07/17 12:00,305.14755,-1.6043017,1.8624511,299.51367,0,0.00011896,88.37999725,22.87999916
17/07/17 12:00,304.7677,-1.9637066,0.548038,299.66684,0,5.66E-05,88.37999725,22.87999916
18/07/17 12:00,305.37997,-2.8618147,1.8504187,299.47488,0,3.63E-05,88.37999725,22.87999916
19/07/17 12:00,302.42688,-3.4061766,1.8120756,299.797,0,0.000146776,88.37999725,22.87999916
20/07/17 12:00,301.72867,-1.8178751,2.5834289,300.176,0,0.000104218,88.37999725,22.87999916
21/07/17 12:00,302.07513,-0.038149834,1.3521193,300.2289,0,0.003303719,88.37999725,22.87999916
22/07/17 12:00,300.64185,1.2680275,1.1796558,299.0433,0,6.77E-05,88.37999725,22.87999916
23/07/17 12:00,300.19043,1.9017961,2.8075514,298.84082,0,0.001613891,88.37999725,22.87999916
24/07/17 12:00,299.67404,3.6280067,4.669677,298.3882,0,0.00025461,88.37999725,22.87999916
25/07/17 12:00,300.52188,-0.93674296,4.108328,299.11496,0,0.001073887,88.37999725,22.87999916
26/07/17 12:00,300.37912,-0.7530795,2.7748234,299.3007,0,0.000146684,88.37999725,22.87999916
27/07/17 12:00,302.50406,0.86416197,1.3851681,299.36478,0,0.002044206,88.37999725,22.87999916
28/07/17 12:00,304.94794,-0.0965147,1.8605258,299.72897,0,2.78E-06,88.37999725,22.87999916
29/07/17 12:00,304.81424,-0.7427322,1.0798675,300.44882,0,7.62E-05,88.37999725,22.87999916
30/07/17 12:00,303.84174,-0.14744258,0.08022058,300.22137,0,0.000595543,88.37999725,22.87999916
31/07/17 12:00,305.0448,0.22182465,2.469523,300.24142,0,4.59E-05,88.37999725,22.87999916
01/08/17 12:00,304.29626,-0.23571742,1.9818119,300.78015,0,1.39E-06,88.37999725,22.87999916
02/08/17 12:00,302.50812,-0.8526716,1.9559824,300.66016,0,0.000123967,88.37999725,22.87999916
03/08/17 12:00,303.002,1.5317206,0.87708247,300.17667,0,0.00171579,88.37999725,22.87999916
04/08/17 12:00,303.42218,-0.36845315,0.878045,300.87677,0,0.000891692,88.37999725,22.87999916
05/08/17 12:00,303.83643,-1.2854773,1.5180051,300.75418,0,0.001317742,88.37999725,22.87999916
06/08/17 12:00,304.30597,-1.2872558,2.2715507,300.34464,0,6.95E-06,88.37999725,22.87999916
07/08/17 12:00,304.0226,-1.7709892,2.6639655,299.95117,0,4.45E-06,88.37999725,22.87999916
08/08/17 12:00,304.74646,-1.219837,3.29077,300.1425,0,1.21E-06,88.37999725,22.87999916
09/08/17 12:00,303.70523,-0.18850815,4.2102017,300.5277,0,7.71E-05,88.37999725,22.87999916
10/08/17 12:00,303.8505,1.6652646,3.5341444,299.98404,0,0.000122484,88.37999725,22.87999916
11/08/17 12:00,304.2966,0.9978676,2.7615075,300.11618,0,4.15E-05,88.37999725,22.87999916
12/08/17 12:00,301.5175,0.44849384,1.5401447,299.66223,0,0.000188037,88.37999725,22.87999916
13/08/17 12:00,300.88864,-0.6859841,1.057728,299.73062,0,0.000655811,88.37999725,22.87999916
14/08/17 12:00,303.19446,-0.74046874,1.3124928,300.03925,0,4.42E-05,88.37999725,22.87999916
15/08/17 12:00,303.00012,0.8623836,2.730063,299.9735,0,0.000110245,88.37999725,22.87999916
16/08/17 12:00,303.47873,0.45706272,1.1995492,299.6882,0,9.92E-06,88.37999725,22.87999916
17/08/17 12:00,304.17444,-1.4293686,1.8456059,299.9413,0,1.67E-06,88.37999725,22.87999916
18/08/17 12:00,303.21475,-3.2453094,1.6869392,299.25204,0,1.82E-05,88.37999725,22.87999916
19/08/17 12:00,302.6059,-2.2130103,1.3606222,299.23428,0,0.000146591,88.37999725,22.87999916
20/08/17 12:00,302.31223,-0.4146924,1.545439,299.44037,0,2.10E-05,88.37999725,22.87999916
21/08/17 12:00,303.8486,-0.16328669,1.5009995,300.15298,0,5.54E-05,88.37999725,22.87999916
22/08/17 12:00,303.63055,0.09959781,1.6928751,300.4337,0,4.38E-05,88.37999725,22.87999916
23/08/17 12:00,303.00452,-0.19222665,0.29953003,299.43216,0,0.000382935,88.37999725,22.87999916
24/08/17 12:00,304.44498,-1.9871496,0.8411459,299.50085,0,6.13E-05,88.37999725,22.87999916
25/08/17 12:00,304.2991,-1.2746451,2.2662563,299.9584,0,9.36E-06,88.37999725,22.87999916
26/08/17 12:00,303.65866,-1.2864474,1.9317573,299.64218,0,0,88.37999725,22.87999916
27/08/17 12:00,302.3644,-3.642708,1.0941459,299.55444,0,0.000453032,88.37999725,22.87999916
28/08/17 12:00,301.56653,-3.0354543,2.7056775,299.774,0,0.000547143,88.37999725,22.87999916
29/08/17 12:00,302.54715,-1.2500703,2.2157207,299.466,0,5.75E-06,88.37999725,22.87999916
30/08/17 12:00,304.11508,-0.4825961,2.626906,299.87393,0,4.64E-07,88.37999725,22.87999916
31/08/17 12:00,302.5737,-0.47790754,1.9830954,300.10828,0,3.38E-05,88.37999725,22.87999916
01/09/17 12:00,301.4425,-0.35762084,2.1974316,299.3355,0,0.001695577,88.37999725,22.87999916
02/09/17 12:00,301.7446,1.2953508,0.660019,299.7513,0,0.000259895,88.37999725,22.87999916
03/09/17 12:00,304.3475,0.9870355,0.27803224,300.0021,0,0.000251458,88.37999725,22.87999916
04/09/17 12:00,304.91296,-0.008239746,1.2146298,300.27658,0,0.000213721,88.37999725,22.87999916
05/09/17 12:00,304.3744,-0.73723525,2.5646586,300.69962,0,4.64E-07,88.37999725,22.87999916
06/09/17 12:00,304.91263,-0.4020816,1.0323799,300.3466,0,4.64E-07,88.37999725,22.87999916
07/09/17 12:00,304.95856,0.3988595,2.1616554,300.0958,0,3.99E-06,88.37999725,22.87999916
08/09/17 12:00,303.72302,0.23540533,2.9699078,299.88443,0,5.29E-06,88.37999725,22.87999916
09/09/17 12:00,304.0979,0.914443,2.7493148,300.57208,0,2.60E-06,88.37999725,22.87999916
10/09/17 12:00,303.7427,0.42311084,2.4563675,299.94492,0,1.85E-06,88.37999725,22.87999916
11/09/17 12:00,302.57153,-0.9105515,2.185399,299.41376,0,0,88.37999725,22.87999916
12/09/17 12:00,302.69836,-0.6649662,2.1196222,299.65634,0,2.16E-05,88.37999725,22.87999916
13/09/17 12:00,303.47873,-0.4045068,2.0554497,300.22595,0,6.05E-05,88.37999725,22.87999916
14/09/17 12:00,304.37906,-1.1218616,0.73477995,300.39786,0,2.09E-05,88.37999725,22.87999916
15/09/17 12:00,304.56433,-0.7005349,0.6685219,300.4449,0,1.40E-05,88.37999725,22.87999916
16/09/17 12:00,305.92075,-0.38510573,1.0009353,301.3626,0,1.39E-06,88.37999725,22.87999916
17/09/17 12:00,302.87363,-0.8593003,1.76908,299.79898,0,0.001072218,88.37999725,22.87999916
18/09/17 12:00,302.5031,-1.5705115,-0.048124433,299.80884,0,1.90E-05,88.37999725,22.87999916
19/09/17 12:00,301.07013,-2.3488178,0.6791103,299.33948,0,0.001749077,88.37999725,22.87999916
20/09/17 12:00,302.48032,-1.1556518,2.4836407,299.8253,0,0,88.37999725,22.87999916
21/09/17 12:00,303.53183,-2.102586,1.7899361,299.73718,0,1.48E-06,88.37999725,22.87999916
22/09/17 12:00,304.15756,-0.44993758,1.5423907,299.8427,0,0,88.37999725,22.87999916
23/09/17 12:00,305.504,-0.5246318,1.7045867,300.52475,0,0,88.37999725,22.87999916
24/09/17 12:00,305.16663,0.40613484,0.32728463,300.6102,0,3.71E-06,88.37999725,22.87999916
25/09/17 12:00,305.10913,-0.7677919,0.738149,300.94647,0,0.00019258,88.37999725,22.87999916
26/09/17 12:00,305.11664,-0.99995816,1.0062296,300.71375,0,2.78E-07,88.37999725,22.87999916
27/09/17 12:00,301.9636,0.03735268,0.42033476,299.54752,0,3.09E-05,88.37999725,22.87999916
28/09/17 12:00,301.41315,0.58300805,1.0713646,299.2504,0,0.000113304,88.37999725,22.87999916
29/09/17 12:00,301.22635,0.15246582,1.6279006,299.35492,0,0.000116364,88.37999725,22.87999916
30/09/17 12:00,301.27475,-1.609152,0.4665389,299.68262,0,9.74E-05,88.37999725,22.87999916
01/10/17 12:00,301.08075,-1.5978346,1.9248588,299.2711,0,5.29E-06,88.37999725,22.87999916
02/10/17 12:00,302.24506,0.097334385,1.8067814,299.4496,0,8.30E-05,88.37999725,22.87999916
03/10/17 12:00,302.833,-0.40062654,0.42113692,300.02676,0,2.34E-05,88.37999725,22.87999916
04/10/17 12:00,304.74146,-0.42439294,0.19460797,300.485,0,0.000182381,88.37999725,22.87999916
05/10/17 12:00,302.15417,0.87240744,0.702052,299.73816,0,0,88.37999725,22.87999916
06/10/17 12:00,303.0598,0.8318267,0.98328793,299.87918,0,7.33E-06,88.37999725,22.87999916
07/10/17 12:00,301.36972,-1.3105371,-0.20245934,299.00912,0,1.67E-05,88.37999725,22.87999916
08/10/17 12:00,301.06357,-0.7322233,-3.2381387,298.34515,0,8.83E-05,88.37999725,22.87999916
09/10/17 12:00,299.5425,-1.6492475,5.4010825,299.07388,0,0.001501513,88.37999725,22.87999916
10/10/17 12:00,301.65778,-1.2295375,1.9322386,299.47324,0,4.62E-05,88.37999725,22.87999916
11/10/17 12:00,302.58652,0.57815766,1.2873051,300.0912,0,4.73E-06,88.37999725,22.87999916
12/10/17 12:00,303.54526,0.007119417,1.3822803,300.2575,0,1.86E-07,88.37999725,22.87999916
13/10/17 12:00,302.83643,-0.2866453,2.1786609,299.59222,0,5.56E-07,88.37999725,22.87999916
14/10/17 12:00,302.39346,0.49764323,1.680522,299.8986,0,1.48E-06,88.37999725,22.87999916
15/10/17 12:00,304.97513,0.37056625,0.8509321,299.96103,0,4.64E-07,88.37999725,22.87999916
16/10/17 12:00,304.89795,-0.69422954,-0.7342888,298.86844,0,0,88.37999725,22.87999916
17/10/17 12:00,303.0526,-0.5736195,-1.3243548,299.2721,0,0,88.37999725,22.87999916
18/10/17 12:00,302.3841,-2.570475,1.3607826,299.17773,0,4.08E-06,88.37999725,22.87999916
19/10/17 12:00,300.838,-4.219243,-0.31315684,298.40564,0,0.000622803,88.37999725,22.87999916
20/10/17 12:00,298.9955,-4.233956,3.5612574,298.17096,0,0.00108149,88.37999725,22.87999916
21/10/17 12:00,298.4232,3.8205626,-2.184587,296.36212,0,1.86E-07,88.37999725,22.87999916
22/10/17 12:00,302.7477,0.23508203,0.6986829,298.3951,0,0,88.37999725,22.87999916
23/10/17 12:00,303.35315,0.26483035,2.0036306,298.95126,0,0,88.37999725,22.87999916
24/10/17 12:00,303.2913,0.12756777,1.9243774,300.14706,0,0.000173851,88.37999725,22.87999916
25/10/17 12:00,301.7193,-1.1202447,0.48546982,298.4648,0,0.000147333,88.37999725,22.87999916
26/10/17 12:00,302.16916,-1.7098758,-0.787552,298.44342,0,0,88.37999725,22.87999916
27/10/17 12:00,300.7521,0.37121296,-1.3477777,296.12842,0,0,88.37999725,22.87999916
28/10/17 12:00,301.93735,-0.68291223,-0.35438764,296.55966,0,0,88.37999725,22.87999916
29/10/17 12:00,300.54532,-1.844875,-0.6539128,296.51334,0,0,88.37999725,22.87999916
30/10/17 12:00,298.85397,-0.27839983,-0.516744,295.8635,0,0.00016495,88.37999725,22.87999916
31/10/17 12:00,298.8518,-1.6673552,-0.8899071,295.66397,0,0,88.37999725,22.87999916
01/11/17 12:00,299.16077,-0.2560885,-2.017899,295.44177,0,0,88.37999725,22.87999916
02/11/17 12:00,299.50378,0.403548,-1.9707323,295.117,0,0,88.37999725,22.87999916
03/11/17 12:00,299.96143,-0.45284784,-1.7183739,295.63144,0,0,88.37999725,22.87999916
04/11/17 12:00,301.0058,0.15198076,-1.7725998,296.6185,0,0,88.37999725,22.87999916
05/11/17 12:00,301.24728,0.67677975,-0.0758791,296.9623,0,0,88.37999725,22.87999916
06/11/17 12:00,300.9608,-0.10120332,-1.8784844,295.67975,0,0,88.37999725,22.87999916
07/11/17 12:00,300.1692,-0.17104721,-2.1874747,294.82742,0,0,88.37999725,22.87999916
08/11/17 12:00,299.6487,0.8382938,-1.9482719,295.11734,0,0,88.37999725,22.87999916
09/11/17 12:00,299.53064,0.93255067,-1.5924355,295.2646,0,0,88.37999725,22.87999916
10/11/17 12:00,298.14734,0.026035428,-1.923726,294.06223,0,0,88.37999725,22.87999916
11/11/17 12:00,299.19418,0.80078506,-1.8922814,295.06378,0,0,88.37999725,22.87999916
12/11/17 12:00,300.1898,1.4471643,-1.2914664,293.4019,0,0,88.37999725,22.87999916
13/11/17 12:00,298.44098,0.37832665,-1.9158648,293.0607,0,0,88.37999725,22.87999916
14/11/17 12:00,299.8421,0.8494494,-1.1562229,295.32672,0,4.53E-05,88.37999725,22.87999916
15/11/17 12:00,296.0783,-1.1689092,-1.6817957,295.1555,0,0.001347041,88.37999725,22.87999916
16/11/17 12:00,296.09644,-0.8352107,-1.8515319,294.8751,0,0.000381174,88.37999725,22.87999916
17/11/17 12:00,297.75403,-1.2822438,0.0515033,296.0321,0,0.000365782,88.37999725,22.87999916
18/11/17 12:00,299.8296,0.9081378,-0.81466484,297.2631,0,0,88.37999725,22.87999916
19/11/17 12:00,300.98984,0.7946415,-1.2552091,297.15265,0,0,88.37999725,22.87999916
20/11/17 12:00,300.0692,1.3003628,-0.9552027,295.22745,0,0,88.37999725,22.87999916
21/11/17 12:00,297.1305,2.1711478,-1.0716757,291.25516,0,0,88.37999725,22.87999916
22/11/17 12:00,296.15424,1.7992938,-0.8892654,288.50824,0,0,88.37999725,22.87999916
23/11/17 12:00,295.3398,1.6227441,-1.0768095,288.60388,0,0,88.37999725,22.87999916
24/11/17 12:00,295.7728,2.0398672,-0.99900043,289.48578,0,0,88.37999725,22.87999916
25/11/17 12:00,295.16238,1.3784521,-1.5289046,289.29282,0,0,88.37999725,22.87999916
26/11/17 12:00,296.7809,1.4701221,0.56231636,289.48215,0,0,88.37999725,22.87999916
27/11/17 12:00,295.93088,2.1910338,-0.27882457,290.50803,0,0,88.37999725,22.87999916
28/11/17 12:00,296.3067,1.2578421,-1.2674018,289.4266,0,0,88.37999725,22.87999916
29/11/17 12:00,294.7722,0.61437297,-2.3331466,289.0565,0,0,88.37999725,22.87999916
30/11/17 12:00,295.51944,1.1618068,-2.2133045,290.1836,0,0,88.37999725,22.87999916
01/12/17 12:00,295.61877,0.08116686,-2.470636,291.14734,0,0,88.37999725,22.87999916
02/12/17 12:00,295.44135,0.08391535,-1.4830214,291.61212,0,0,88.37999725,22.87999916
03/12/17 12:00,295.26608,-0.04655695,-2.1449604,290.6796,0,0,88.37999725,22.87999916
04/12/17 12:00,295.3645,0.60774446,-1.9538871,290.38443,0,0,88.37999725,22.87999916
05/12/17 12:00,295.4226,0.3052492,-2.377586,290.64935,0,0,88.37999725,22.87999916
06/12/17 12:00,294.59912,-0.3154235,-2.0637822,290.67896,0,0,88.37999725,22.87999916
07/12/17 12:00,295.8834,0.30589592,-1.7794982,292.16464,0,0,88.37999725,22.87999916
08/12/17 12:00,295.16238,-1.2161185,0.03449762,292.56732,0,0.000532586,88.37999725,22.87999916
09/12/17 12:00,293.8372,-2.443075,-3.3658423,293.04492,0,0.001265169,88.37999725,22.87999916
10/12/17 12:00,295.55725,0.062250733,-3.4404426,294.45468,0,4.11E-05,88.37999725,22.87999916
11/12/17 12:00,297.20764,0.48503256,-0.9556838,294.61508,0,2.78E-07,88.37999725,22.87999916
12/12/17 12:00,297.99863,0.8348987,0.26375383,294.78174,0,0,88.37999725,22.87999916
13/12/17 12:00,298.52817,0.3212551,-1.1743516,294.3584,0,0,88.37999725,22.87999916
14/12/17 12:00,298.75558,0.6800134,-0.61380494,292.67447,0,0,88.37999725,22.87999916
15/12/17 12:00,297.0508,0.4303862,-1.2850493,291.80573,0,0,88.37999725,22.87999916
16/12/17 12:00,295.28702,1.3451469,-2.1671,289.70566,0,0,88.37999725,22.87999916
17/12/17 12:00,294.32172,1.1370704,-2.349029,289.6945,0,0,88.37999725,22.87999916
18/12/17 12:00,294.5616,0.6003072,-1.685325,290.038,0,0,88.37999725,22.87999916
19/12/17 12:00,293.69598,-0.19804704,-1.8431894,289.50845,0,0,88.37999725,22.87999916
20/12/17 12:00,292.68475,0.595942,-1.13649,289.93314,0,0,88.37999725,22.87999916
21/12/17 12:00,294.18738,-0.12658632,-1.2781507,290.8525,0,0,88.37999725,22.87999916
22/12/17 12:00,295.67252,-0.19060993,-1.4785293,291.23642,0,0,88.37999725,22.87999916
23/12/17 12:00,294.47165,1.0374782,-1.9038326,290.47943,0,0,88.37999725,22.87999916
24/12/17 12:00,293.97025,0.925437,-2.2949638,288.88492,0,0,88.37999725,22.87999916
25/12/17 12:00,294.30795,1.3845959,-2.127955,289.63992,0,0,88.37999725,22.87999916
26/12/17 12:00,294.01648,1.855557,-1.6636668,288.91318,0,0,88.37999725,22.87999916
27/12/17 12:00,294.98523,0.08569372,-2.357051,290.05276,0,0,88.37999725,22.87999916
28/12/17 12:00,294.68253,0.5273917,-2.3997254,290.40482,0,0,88.37999725,22.87999916
29/12/17 12:00,294.42075,0.5838163,-2.3697248,290.20923,0,0,88.37999725,22.87999916
30/12/17 12:00,294.53415,0.45657766,-2.319189,290.58133,0,0,88.37999725,22.87999916
31/12/17 12:00,294.9662,1.052999,-1.4108273,290.1767,0,0,88.37999725,22.87999916
01/01/18 12:00,294.08334,-0.25528014,-2.0979543,290.3473,0,0,88.37999725,22.87999916
02/01/18 12:00,294.71783,0.613888,-2.5686593,289.7609,0,0,88.37999725,22.87999916
03/01/18 12:00,292.6057,2.0495677,-0.70396733,286.8483,0,0,88.37999725,22.87999916
04/01/18 12:00,290.4667,0.08165181,-2.4789786,286.2113,0,0,88.37999725,22.87999916
05/01/18 12:00,291.75754,0.13338804,-2.293199,286.36118,0,0,88.37999725,22.87999916
06/01/18 12:00,291.5092,0.16863334,-2.5848632,283.88675,0,0,88.37999725,22.87999916
07/01/18 12:00,291.4948,0.20662713,-2.6353989,283.9722,0,0,88.37999725,22.87999916
08/01/18 12:00,290.5573,0.7231808,-2.2874236,284.79065,0,0,88.37999725,22.87999916
09/01/18 12:00,292.39294,1.04055,-2.4679089,285.22028,0,0,88.37999725,22.87999916
10/01/18 12:00,290.11246,0.90458083,-2.37534,284.47348,0,0,88.37999725,22.87999916
11/01/18 12:00,291.08868,0.9231734,-2.1292381,285.91153,0,0,88.37999725,22.87999916
12/01/18 12:00,290.8319,0.15084898,-2.2019138,286.31778,0,0,88.37999725,22.87999916
13/01/18 12:00,291.06244,1.2956741,-1.9633523,286.75168,0,0,88.37999725,22.87999916
14/01/18 12:00,290.9381,0.62116337,-1.8903562,285.79712,0,0,88.37999725,22.87999916
15/01/18 12:00,292.53168,1.5428762,-1.8813721,286.06503,0,0,88.37999725,22.87999916
16/01/18 12:00,292.45074,1.0657713,-2.2814875,286.98734,0,0,88.37999725,22.87999916
17/01/18 12:00,291.60883,1.6704383,-1.7908889,286.17252,0,0,88.37999725,22.87999916
18/01/18 12:00,294.12427,1.9642029,-1.380185,287.24274,0,0,88.37999725,22.87999916
19/01/18 12:00,294.96432,1.5320439,-1.58297,288.12265,0,0,88.37999725,22.87999916
20/01/18 12:00,295.40884,0.5757327,-2.1356554,288.523,0,0,88.37999725,22.87999916
21/01/18 12:00,294.96118,1.0685198,-2.4555554,286.6271,0,0,88.37999725,22.87999916
22/01/18 12:00,295.26608,0.9988377,-1.5930771,285.28732,0,0,88.37999725,22.87999916
23/01/18 12:00,294.62787,0.9422512,-1.495535,285.79416,0,0,88.37999725,22.87999916
24/01/18 12:00,297.97488,0.06338251,-0.1323508,289.31418,0,0,88.37999725,22.87999916
25/01/18 12:00,294.86496,0.7678032,-2.2076893,287.4597,0,0,88.37999725,22.87999916
26/01/18 12:00,295.0577,1.1527529,-1.8414248,287.34692,0,0,88.37999725,22.87999916
27/01/18 12:00,293.1952,0.6169598,-2.0278459,284.80774,0,0,88.37999725,22.87999916
28/01/18 12:00,294.46292,0.76764154,-2.1425543,285.24393,0,0,88.37999725,22.87999916
29/01/18 12:00,295.5588,0.94726324,-1.8361305,286.2754,0,0,88.37999725,22.87999916
30/01/18 12:00,296.59097,1.5737562,-0.45610106,285.7018,0,0,88.37999725,22.87999916
31/01/18 12:00,296.02896,0.8738625,-2.2887068,288.2443,0,0,88.37999725,22.87999916
01/02/18 12:00,295.48413,1.3388417,-1.7793378,288.1641,0,0,88.37999725,22.87999916
02/02/18 12:00,297.34418,1.2285788,-1.1231741,290.0439,0,0,88.37999725,22.87999916
03/02/18 12:00,297.61157,0.96246076,-1.0116743,289.17188,0,0,88.37999725,22.87999916
04/02/18 12:00,300.26822,-0.062401175,-0.91236746,290.39395,0,0,88.37999725,22.87999916
05/02/18 12:00,300.84583,0.7288394,-0.06737614,293.53632,0,0,88.37999725,22.87999916
06/02/18 12:00,297.86398,2.5218222,-0.60385823,289.81775,0,0,88.37999725,22.87999916
07/02/18 12:00,300.65466,1.076927,-0.9614595,288.8823,0,0,88.37999725,22.87999916
08/02/18 12:00,300.24133,0.6098461,0.6569708,287.06064,0,0,88.37999725,22.87999916
09/02/18 12:00,301.11386,-0.91540176,0.47375834,290.9166,0,4.63E-05,88.37999725,22.87999916
10/02/18 12:00,297.80276,-0.072586656,-1.9688071,287.45377,0,0,88.37999725,22.87999916
11/02/18 12:00,297.1061,-0.72656465,-1.8420664,286.49332,0,0,88.37999725,22.87999916
12/02/18 12:00,298.9452,0.75858784,-2.1518593,287.4873,0,0,88.37999725,22.87999916
13/02/18 12:00,299.22824,0.3524586,-2.2657652,288.84973,0,0,88.37999725,22.87999916
14/02/18 12:00,297.32355,2.134124,-1.0370225,291.16937,0,0,88.37999725,22.87999916
15/02/18 12:00,299.07547,0.22521985,-1.9392878,287.38046,0,0,88.37999725,22.87999916
16/02/18 12:00,299.57126,1.522505,-1.2818407,288.74753,0,0,88.37999725,22.87999916
17/02/18 12:00,299.55844,1.1713457,-1.3830727,288.77676,0,0,88.37999725,22.87999916
18/02/18 12:00,299.83243,0.4696734,-1.665913,288.54636,0,0,88.37999725,22.87999916
19/02/18 12:00,302.28818,0.13257968,1.923094,290.9281,0,0,88.37999725,22.87999916
20/02/18 12:00,301.0839,0.15650761,-0.66337824,292.87366,0,0,88.37999725,22.87999916
21/02/18 12:00,301.0342,-0.09198773,-1.8696605,292.22842,0,0,88.37999725,22.87999916
22/02/18 12:00,301.09262,1.3600211,-1.7759687,291.42508,0,0,88.37999725,22.87999916
23/02/18 12:00,304.1588,-0.25010657,1.1199753,291.30444,0,0,88.37999725,22.87999916
24/02/18 12:00,303.28378,-0.19562185,0.114231944,293.95114,0,0,88.37999725,22.87999916
25/02/18 12:00,303.987,1.7671204,0.58734363,294.883,0,0,88.37999725,22.87999916
26/02/18 12:00,302.27725,-0.8728811,-0.999642,291.2936,0,1.30E-06,88.37999725,22.87999916
27/02/18 12:00,302.42688,-0.71993595,-1.9307848,293.38907,0,0,88.37999725,22.87999916
28/02/18 12:00,302.36566,0.203717,-1.8786448,293.1146,0,0,88.37999725,22.87999916
01/03/18 12:00,303.17883,0.7897911,-1.7892846,292.36057,0,0,88.37999725,22.87999916
02/03/18 12:00,304.14102,1.427278,-0.33946753,292.8444,0,0,88.37999725,22.87999916
03/03/18 12:00,306.4231,0.90458083,0.24353951,291.5993,0,0,88.37999725,22.87999916
04/03/18 12:00,305.75986,-1.2814355,0.52942795,292.33557,0,0,88.37999725,22.87999916
05/03/18 12:00,304.17383,1.3252609,-2.1542654,290.68158,0,0,88.37999725,22.87999916
06/03/18 12:00,304.2997,-0.45915318,-0.6441264,293.0002,0,0,88.37999725,22.87999916
07/03/18 12:00,302.69897,-0.13903534,-1.762653,288.2147,0,0,88.37999725,22.87999916
08/03/18 12:00,303.13977,-0.123999596,-1.8006753,288.85828,0,0,88.37999725,22.87999916
09/03/18 12:00,302.98328,0.28714156,-1.9242073,290.48468,0,0,88.37999725,22.87999916
10/03/18 12:00,303.9717,-0.88921034,-0.5396857,287.09317,0,0,88.37999725,22.87999916
11/03/18 12:00,303.266,-1.7430193,-0.58845687,290.67633,0,0,88.37999725,22.87999916
12/03/18 12:00,303.70364,-1.0601015,2.8604937,292.2659,0,0,88.37999725,22.87999916
13/03/18 12:00,303.962,-0.4245546,-1.7639364,291.3748,0,0,88.37999725,22.87999916
14/03/18 12:00,306.38684,0.05368197,-1.6083182,288.85434,0,0,88.37999725,22.87999916
15/03/18 12:00,302.67056,-1.080311,-1.5394932,295.21005,0,4.97E-05,88.37999725,22.87999916
16/03/18 12:00,302.79584,1.465272,3.2261167,291.03195,0,9.36E-06,88.37999725,22.87999916
17/03/18 12:00,303.49936,0.45997286,0.24610645,294.0014,0,0.000346032,88.37999725,22.87999916
18/03/18 12:00,305.96762,0.4029013,0.25204235,290.56882,0,0,88.37999725,22.87999916
19/03/18 12:00,303.8258,0.18657935,-2.356409,287.78806,0,0,88.37999725,22.87999916
20/03/18 12:00,304.11447,0.39158404,-1.3505052,291.91058,0,0,88.37999725,22.87999916
21/03/18 12:00,305.22253,0.58333135,-1.0739218,291.70316,0,0,88.37999725,22.87999916
22/03/18 12:00,305.0707,1.2099862,2.4682393,293.9886,0,0,88.37999725,22.87999916
23/03/18 12:00,303.39252,1.855557,1.3922272,297.9596,0,0.002994218,88.37999725,22.87999916
24/03/18 12:00,304.88733,0.16863334,1.0323799,297.98294,0,5.04E-05,88.37999725,22.87999916
25/03/18 12:00,303.82425,0.43588316,1.636243,297.7637,0,0.000417983,88.37999725,22.87999916
26/03/18 12:00,303.39813,-0.27516627,3.2676682,298.73303,0,4.72E-05,88.37999725,22.87999916
27/03/18 12:00,305.54712,0.85397625,-1.0039736,293.35617,0,0,88.37999725,22.87999916
28/03/18 12:00,305.66147,-0.51476955,2.6922014,295.84048,0,0,88.37999725,22.87999916
29/03/18 12:00,305.0129,-0.74386394,3.7011533,297.04285,0,0,88.37999725,22.87999916
30/03/18 12:00,303.3291,-1.1617955,4.578712,295.31555,0,0,88.37999725,22.87999916
31/03/18 12:00,302.51874,-0.17460406,-0.7910814,295.6459,0,0.00081186,88.37999725,22.87999916
01/04/18 12:00,302.04575,-1.4617038,-0.5119312,294.6884,0,0.001004162,88.37999725,22.87999916
02/04/18 12:00,300.99454,-0.4638418,1.0559633,295.4411,0,0,88.37999725,22.87999916
03/04/18 12:00,303.26004,-0.3401599,1.657099,294.3988,0,0,88.37999725,22.87999916
04/04/18 12:00,304.0726,0.22489643,1.7807915,294.2348,0,0,88.37999725,22.87999916
05/04/18 12:00,302.6393,0.8251982,2.3857777,295.71722,0,0,88.37999725,22.87999916
06/04/18 12:00,304.266,-1.7124627,0.73381734,297.4879,0,0.000159479,88.37999725,22.87999916
07/04/18 12:00,303.3522,-0.88904864,0.16171962,298.42044,0,6.40E-06,88.37999725,22.87999916
08/04/18 12:00,303.70117,0.79480314,1.8310065,294.4662,0,0,88.37999725,22.87999916
09/04/18 12:00,302.30505,0.3493867,1.2488016,296.95377,0,0.000222251,88.37999725,22.87999916
10/04/18 12:00,302.9189,-0.57846975,2.023524,296.00745,0,4.45E-06,88.37999725,22.87999916
11/04/18 12:00,303.39096,0.91816163,1.1846291,296.76477,0,0.000686965,88.37999725,22.87999916
12/04/18 12:00,300.9786,0.81501245,2.036519,296.39465,0,0.001132394,88.37999725,22.87999916
13/04/18 12:00,303.88422,-0.03847313,1.6919127,297.35315,0,0.000168195,88.37999725,22.87999916
14/04/18 12:00,304.9845,0.22424972,1.792503,296.56262,0,0,88.37999725,22.87999916
15/04/18 12:00,305.93698,-0.46400344,0.45033538,296.71283,0,0,88.37999725,22.87999916
16/04/18 12:00,306.87952,-0.6976247,2.268342,297.37518,0,0,88.37999725,22.87999916
17/04/18 12:00,301.69962,-1.0945385,2.926431,296.85977,0,0.000467125,88.37999725,22.87999916
18/04/18 12:00,304.46936,0.89843726,2.2879148,298.20117,0,3.12E-05,88.37999725,22.87999916
19/04/18 12:00,306.16785,-1.106179,4.209881,299.12613,0,0,88.37999725,22.87999916
20/04/18 12:00,306.74924,-0.24266946,4.1160283,299.62906,0,0,88.37999725,22.87999916
21/04/18 12:00,305.44965,0.48244572,3.9616938,299.76315,0,0.000382657,88.37999725,22.87999916
22/04/18 12:00,302.6612,-1.8904675,2.2296782,298.2518,0,9.67E-05,88.37999725,22.87999916
23/04/18 12:00,305.21753,-0.17767584,1.1716342,299.82693,0,1.58E-06,88.37999725,22.87999916
24/04/18 12:00,307.36404,-0.68129545,1.6359222,298.55716,0,1.58E-05,88.37999725,22.87999916
25/04/18 12:00,305.75204,-1.5286374,3.3119473,297.554,0,0,88.37999725,22.87999916
26/04/18 12:00,302.00797,-1.652481,3.4917908,297.5004,0,4.08E-06,88.37999725,22.87999916
27/04/18 12:00,304.97232,-1.4175663,2.1953459,296.02356,0,0,88.37999725,22.87999916
28/04/18 12:00,305.25598,0.21341753,1.9392977,295.88092,0,0,88.37999725,22.87999916
29/04/18 12:00,301.99265,-1.965,0.9568168,296.0101,0,0,88.37999725,22.87999916
30/04/18 12:00,298.89178,-3.3673744,2.0958786,296.4696,0,0.001242824,88.37999725,22.87999916
01/05/18 12:00,304.73865,-1.4015604,0.5944026,296.5988,0,2.78E-06,88.37999725,22.87999916
02/05/18 12:00,298.54315,-4.01246,1.3676811,295.9289,0,0.006076243,88.37999725,22.87999916
03/05/18 12:00,302.22507,-1.111676,1.3075194,296.59485,0,0.000430315,88.37999725,22.87999916
04/05/18 12:00,302.94296,-0.7000498,1.1039321,298.01974,0,0.002273874,88.37999725,22.87999916
05/05/18 12:00,302.79144,-1.3722972,2.3402152,299.3536,0,0.004062171,88.37999725,22.87999916
06/05/18 12:00,306.03946,-1.0534728,4.491598,299.89102,0,0,88.37999725,22.87999916
07/05/18 12:00,304.96295,-1.3837761,4.1221247,300.53067,0,0,88.37999725,22.87999916
08/05/18 12:00,306.5418,-1.326543,3.768374,301.01944,0,0,88.37999725,22.87999916
09/05/18 12:00,308.46335,-1.9827843,1.4924966,300.87875,0,0,88.37999725,22.87999916
10/05/18 12:00,304.69177,-3.3699613,0.42723328,298.73828,0,0,88.37999725,22.87999916
11/05/18 12:00,300.60403,1.8532934,0.91783196,296.29803,0,4.54E-06,88.37999725,22.87999916
12/05/18 12:00,302.13135,-3.367536,1.0245187,296.54358,0,2.78E-06,88.37999725,22.87999916
13/05/18 12:00,298.0383,-2.7108097,1.2212074,295.4306,0,0.000756784,88.37999725,22.87999916
14/05/18 12:00,304.5009,0.14616048,0.5408186,297.71768,0,0,88.37999725,22.87999916
15/05/18 12:00,305.44183,0.042688012,2.9447203,298.02106,0,0,88.37999725,22.87999916
16/05/18 12:00,300.61185,-0.68533736,3.1436548,295.84113,0,4.36E-06,88.37999725,22.87999916
17/05/18 12:00,305.19693,-0.3692615,-0.61573017,297.40277,0,0,88.37999725,22.87999916
18/05/18 12:00,302.7477,-1.8597492,1.2356462,298.2104,0,0,88.37999725,22.87999916
19/05/18 12:00,306.01666,-1.490967,0.41520095,299.9446,0,1.87E-05,88.37999725,22.87999916
20/05/18 12:00,304.39905,-1.4814281,2.258556,298.7146,0,0,88.37999725,22.87999916
21/05/18 12:00,305.70084,-1.8613659,2.083846,300.0534,0,1.98E-05,88.37999725,22.87999916
22/05/18 12:00,303.17728,-1.4911287,2.7919896,298.98972,0,4.64E-07,88.37999725,22.87999916
23/05/18 12:00,303.29724,-0.017293692,2.8210278,298.7646,0,4.64E-07,88.37999725,22.87999916
24/05/18 12:00,304.97232,-0.60708636,2.7927918,299.98404,0,0,88.37999725,22.87999916
25/05/18 12:00,305.43497,0.58979845,4.670479,299.40784,0,4.53E-05,88.37999725,22.87999916
26/05/18 12:00,306.24033,-0.2059691,4.493523,299.9607,0,0,88.37999725,22.87999916
27/05/18 12:00,306.7589,-0.4366802,2.9843466,298.8576,0,0,88.37999725,22.87999916
28/05/18 12:00,306.39905,-0.15326285,3.6629705,298.61963,0,0,88.37999725,22.87999916
29/05/18 12:00,305.58804,-1.1280053,1.5953331,298.14233,0,2.78E-06,88.37999725,22.87999916
30/05/18 12:00,306.56555,-0.78024095,2.3663654,300.506,0,0,88.37999725,22.87999916
31/05/18 12:00,304.7174,-2.5958583,1.7331434,298.77344,0,0,88.37999725,22.87999916
01/06/18 12:00,300.286,-0.113167286,-0.8055203,298.15222,0,4.64E-07,88.37999725,22.87999916
02/06/18 12:00,304.09415,-0.19125664,2.7388868,299.2987,0,2.05E-05,88.37999725,22.87999916
03/06/18 12:00,304.12976,-1.4670391,2.5948195,299.67505,0,3.25E-06,88.37999725,22.87999916
04/06/18 12:00,304.29315,-1.249747,1.7539995,298.97528,0,2.39E-05,88.37999725,22.87999916
05/06/18 12:00,303.8533,-1.6789958,1.4281638,299.89825,0,0.000194806,88.37999725,22.87999916
06/06/18 12:00,305.36438,-1.1068257,2.561771,300.2138,0,7.88E-06,88.37999725,22.87999916
07/06/18 12:00,306.4768,-0.49439842,1.9168372,300.2358,0,0.000616961,88.37999725,22.87999916
08/06/18 12:00,304.30972,-0.6229306,0.57851994,299.85287,0,0.000180156,88.37999725,22.87999916
09/06/18 12:00,303.67493,0.17008841,0.67927074,300.22827,0,0.000296056,88.37999725,22.87999916
10/06/18 12:00,304.9795,-0.09813142,1.502283,301.17654,0,0,88.37999725,22.87999916
11/06/18 12:00,303.549,0.31931508,0.87515724,300.55533,0,0.0026289,88.37999725,22.87999916
12/06/18 12:00,301.04297,0.4499489,2.0769477,299.80127,0,0.002130157,88.37999725,22.87999916
13/06/18 12:00,306.93668,1.0748253,1.8037332,300.51718,0,0.000980889,88.37999725,22.87999916
14/06/18 12:00,308.23843,0.11786723,2.9086232,301.04245,0,0.000240331,88.37999725,22.87999916
15/06/18 12:00,309.66953,-0.22601688,1.3269316,301.79813,0,0,88.37999725,22.87999916
16/06/18 12:00,306.62802,-0.5637573,0.59360045,300.42383,0,0,88.37999725,22.87999916
17/06/18 12:00,308.81137,-1.0122455,0.8464401,301.358,0,0,88.37999725,22.87999916
18/06/18 12:00,309.99536,-0.25382507,0.488518,301.43753,0,0,88.37999725,22.87999916
19/06/18 12:00,306.08633,-1.5212004,0.4026873,300.86264,0,0,88.37999725,22.87999916
20/06/18 12:00,304.2332,-0.6479903,2.5598454,299.0696,0,0,88.37999725,22.87999916
21/06/18 12:00,303.79895,0.002592444,3.3291135,299.33093,0,2.04E-05,88.37999725,22.87999916
22/06/18 12:00,306.04883,-1.6188525,3.215528,299.9137,0,4.64E-07,88.37999725,22.87999916
23/06/18 12:00,302.649,-0.55680525,3.2020516,300.69962,0,0.00040491,88.37999725,22.87999916
24/06/18 12:00,301.8277,2.2914345,2.3350816,299.02127,0,0.000210939,88.37999725,22.87999916
25/06/18 12:00,300.37787,0.69310904,3.2999148,299.13928,0,5.56E-06,88.37999725,22.87999916
26/06/18 12:00,303.53873,-0.17298722,0.6205529,299.84402,0,0.001580511,88.37999725,22.87999916
27/06/18 12:00,302.44406,-4.1747828,3.6932921,299.20865,0,0.000112099,88.37999725,22.87999916
28/06/18 12:00,302.57965,-1.2770702,3.6480508,299.05447,0,5.04E-05,88.37999725,22.87999916
29/06/18 12:00,304.45966,-0.588817,3.1168628,299.41638,0,5.84E-05,88.37999725,22.87999916
30/06/18 12:00,305.2085,0.15731609,3.7561812,299.71945,0,1.05E-05,88.37999725,22.87999916
01/07/18 12:00,303.68805,-0.013090014,3.3494883,299.88412,0,1.53E-05,88.37999725,22.87999916
02/07/18 12:00,304.92078,0.41324854,2.9655762,300.2342,0,0.00033333,88.37999725,22.87999916
03/07/18 12:00,302.72272,0.8546231,2.2930484,300.32062,0,0.00076179,88.37999725,22.87999916
04/07/18 12:00,301.2207,0.24866283,2.0334706,299.29968,0,0.000764387,88.37999725,22.87999916
05/07/18 12:00,303.2688,-0.06272447,0.8778846,300.86166,0,0.001286588,88.37999725,22.87999916
06/07/18 12:00,305.13196,-0.7437023,1.9537364,300.61548,0,0.000839583,88.37999725,22.87999916
07/07/18 12:00,305.5868,-1.6338882,1.3229208,299.80655,0,1.06E-05,88.37999725,22.87999916
08/07/18 12:00,304.35095,-2.7437916,2.865467,299.9571,0,1.83E-05,88.37999725,22.87999916
09/07/18 12:00,303.58432,-2.224651,2.2168436,300.28085,0,0.00018711,88.37999725,22.87999916
10/07/18 12:00,303.28253,-1.9022698,2.195827,300.1612,0,8.44E-06,88.37999725,22.87999916
11/07/18 12:00,304.00574,-1.9569162,2.2972198,300.05142,0,2.49E-05,88.37999725,22.87999916
12/07/18 12:00,304.49808,-2.5976367,1.8518627,300.17172,0,4.47E-05,88.37999725,22.87999916
13/07/18 12:00,304.2869,-2.1295857,1.5027642,300.13556,0,3.77E-05,88.37999725,22.87999916
14/07/18 12:00,304.61212,-3.0758734,1.0158554,299.8496,0,0.000178394,88.37999725,22.87999916
15/07/18 12:00,302.75116,-3.5940437,1.3963983,300.1691,0,4.09E-05,88.37999725,22.87999916
16/07/18 12:00,302.71243,-4.0297594,1.7862462,299.86243,0,2.82E-05,88.37999725,22.87999916
17/07/18 12:00,303.54434,-2.4618292,2.5131602,299.8713,0,1.85E-06,88.37999725,22.87999916
18/07/18 12:00,304.31503,-1.3178124,1.6582221,300.2848,0,1.39E-06,88.37999725,22.87999916
19/07/18 12:00,308.14316,-0.6900259,0.45996124,301.39908,0,0.00016291,88.37999725,22.87999916
20/07/18 12:00,305.30438,-3.3867755,-0.24000025,300.16385,0,0.000108483,88.37999725,22.87999916
21/07/18 12:00,301.73273,-6.7745266,0.7315713,299.916,0,0.001024931,88.37999725,22.87999916
22/07/18 12:00,302.047,-1.78457,5.074124,299.14618,0,8.72E-06,88.37999725,22.87999916
23/07/18 12:00,302.76178,-1.2187053,2.8592103,300.44388,0,4.27E-05,88.37999725,22.87999916
24/07/18 12:00,302.19104,-0.0931195,2.5205398,299.67538,0,0.00013259,88.37999725,22.87999916
25/07/18 12:00,301.81708,-0.23151386,2.7589407,299.9755,0,0.001047091,88.37999725,22.87999916
26/07/18 12:00,301.10483,1.266896,2.370216,299.75528,0,0.000768466,88.37999725,22.87999916
27/07/18 12:00,302.29254,0.22489643,1.1971427,299.73785,0,2.39E-05,88.37999725,22.87999916
28/07/18 12:00,302.26474,0.39562595,1.1896025,300.41266,0,0.000643757,88.37999725,22.87999916
29/07/18 12:00,302.6537,-1.3213693,1.3869328,300.41562,0,0.00081835,88.37999725,22.87999916
30/07/18 12:00,301.84708,-0.69875646,2.8160543,300.1359,0,0.002891577,88.37999725,22.87999916
31/07/18 12:00,301.73056,0.60127735,0.9781541,299.92224,0,0.001111346,88.37999725,22.87999916
01/08/18 12:00,301.26758,1.9396281,1.842718,299.5426,0,0.000188408,88.37999725,22.87999916
02/08/18 12:00,301.8024,1.1960821,1.6579013,298.86877,0,0.000385717,88.37999725,22.87999916
03/08/18 12:00,302.6362,0.6892288,1.4835125,299.65305,0,0.000445151,88.37999725,22.87999916
04/08/18 12:00,303.64023,0.37945843,1.4677902,300.11255,0,0.001284826,88.37999725,22.87999916
05/08/18 12:00,302.4678,0.22812998,1.770524,299.8884,0,0.003769453,88.37999725,22.87999916
06/08/18 12:00,302.35815,-1.7818215,0.26006395,299.92783,0,6.77E-05,88.37999725,22.87999916
07/08/18 12:00,302.9133,-4.364913,2.3756704,299.04364,0,6.39E-05,88.37999725,22.87999916
08/08/18 12:00,303.72333,-2.4582725,2.7059984,299.03116,0,2.29E-05,88.37999725,22.87999916
09/08/18 12:00,304.03043,-1.1304303,1.8382258,299.62183,0,1.02E-06,88.37999725,22.87999916
10/08/18 12:00,305.41248,-0.667068,1.7483845,300.32358,0,0.000158274,88.37999725,22.87999916
11/08/18 12:00,305.59274,-0.49116492,1.9243774,300.23123,0,3.83E-05,88.37999725,22.87999916
12/08/18 12:00,303.54996,-0.80869585,1.7600958,300.12244,0,0.000319422,88.37999725,22.87999916
13/08/18 12:00,303.1023,-1.7126243,-0.48947072,300.59607,0,0.000158367,88.37999725,22.87999916
14/08/18 12:00,304.44934,-2.019808,0.083589554,300.2858,0,0.000253312,88.37999725,22.87999916
15/08/18 12:00,303.0548,-4.221345,1.0251604,299.8897,0,0.000452846,88.37999725,22.87999916
16/08/18 12:00,304.06604,-2.1727533,2.676479,299.4864,0,1.72E-05,88.37999725,22.87999916
17/08/18 12:00,304.8639,-0.8119294,1.4726032,300.21545,0,1.33E-05,88.37999725,22.87999916
18/08/18 12:00,306.43372,-0.4085487,1.2465556,300.5849,0,7.42E-07,88.37999725,22.87999916
19/08/18 12:00,302.20383,-1.8608809,0.9590628,299.50085,0,3.89E-06,88.37999725,22.87999916
20/08/18 12:00,302.54654,-3.3374643,2.295936,299.821,0,3.23E-05,88.37999725,22.87999916
21/08/18 12:00,303.61368,-1.9793892,2.1736875,299.89102,0,1.04E-05,88.37999725,22.87999916
22/08/18 12:00,303.94827,0.12142408,0.8263862,300.7085,0,3.22E-05,88.37999725,22.87999916
23/08/18 12:00,304.5131,-0.4821111,1.6484358,300.49878,0,6.18E-05,88.37999725,22.87999916
24/08/18 12:00,303.4928,-1.0115988,0.8879918,300.80612,0,0.000354285,88.37999725,22.87999916
25/08/18 12:00,303.4453,-1.2621961,1.555867,300.1783,0,3.70E-05,88.37999725,22.87999916
26/08/18 12:00,304.22287,-2.607014,0.2528445,299.67834,0,1.85E-05,88.37999725,22.87999916
27/08/18 12:00,303.31754,-3.25501,1.4454902,299.7967,0,9.27E-07,88.37999725,22.87999916
28/08/18 12:00,303.1098,-1.8335577,3.0165935,299.76645,0,0.00014316,88.37999725,22.87999916
29/08/18 12:00,303.20258,-1.3176508,1.8221828,300.34167,0,3.52E-05,88.37999725,22.87999916
30/08/18 12:00,304.36093,-0.20031047,1.4199817,300.44193,0,4.17E-06,88.37999725,22.87999916
31/08/18 12:00,303.15604,0.1193223,1.9059279,299.98074,0,0.000703748,88.37999725,22.87999916
01/09/18 12:00,302.37408,-1.4156262,2.7146616,299.4463,0,1.75E-05,88.37999725,22.87999916
02/09/18 12:00,301.12482,0.31236303,2.6333232,299.3845,0,0.00010839,88.37999725,22.87999916
03/09/18 12:00,303.51123,-0.31413007,1.1509385,300.2812,0,7.14E-06,88.37999725,22.87999916
04/09/18 12:00,301.58936,1.0851724,1.3043108,299.58926,0,0.001661085,88.37999725,22.87999916
05/09/18 12:00,302.31537,-2.1179452,-0.32711434,299.34375,0,0.000518678,88.37999725,22.87999916
06/09/18 12:00,301.81802,-5.3624516,2.3305893,298.56702,0,7.57E-05,88.37999725,22.87999916
07/09/18 12:00,303.35565,-2.0516582,2.7719357,299.489,0,0,88.37999725,22.87999916
08/09/18 12:00,303.5431,-0.27516627,1.8666222,299.84302,0,9.46E-06,88.37999725,22.87999916
09/09/18 12:00,304.72644,0.0942626,2.6272268,299.0785,0,0,88.37999725,22.87999916
10/09/18 12:00,303.01324,0.8308568,1.7365125,299.4943,0,1.02E-05,88.37999725,22.87999916
11/09/18 12:00,302.31537,0.21471095,1.5229785,299.98404,0,0.000470463,88.37999725,22.87999916
12/09/18 12:00,302.98828,-0.41291392,2.5628939,300.26706,0,1.67E-06,88.37999725,22.87999916
13/09/18 12:00,303.5409,-0.7854146,0.6245637,300.29926,0,1.86E-07,88.37999725,22.87999916
14/09/18 12:00,302.75366,0.11673546,1.135858,299.94592,0,4.54E-05,88.37999725,22.87999916
15/09/18 12:00,303.10104,0.39788938,-0.70059824,300.42252,0,7.42E-07,88.37999725,22.87999916
16/09/18 12:00,304.6771,-0.12674809,-0.006733179,300.7936,0,0.00018507,88.37999725,22.87999916
17/09/18 12:00,305.07507,0.9700594,0.029684663,300.70883,0,0.000535367,88.37999725,22.87999916
18/09/18 12:00,306.3406,1.304728,-0.82493246,299.49298,0,0,88.37999725,22.87999916
19/09/18 12:00,305.713,-0.04930544,-1.4427532,301.36554,0,0,88.37999725,22.87999916
20/09/18 12:00,301.13855,-5.799138,0.6229594,298.69983,0,0.000440885,88.37999725,22.87999916
21/09/18 12:00,299.81274,-2.5483255,2.756374,298.07266,0,0.000324151,88.37999725,22.87999916
22/09/18 12:00,302.99075,0.11317861,1.1806183,299.00092,0,2.13E-06,88.37999725,22.87999916
23/09/18 12:00,304.64523,0.58139133,1.477416,299.92224,0,0,88.37999725,22.87999916
24/09/18 12:00,304.93796,0.65689373,1.5332462,299.62314,0,2.23E-05,88.37999725,22.87999916
25/09/18 12:00,303.2935,-0.01810205,1.4825499,300.16876,0,0.000437826,88.37999725,22.87999916
26/09/18 12:00,302.7399,-0.23814261,1.1496551,300.03992,0,0,88.37999725,22.87999916
27/09/18 12:00,303.3744,0.6672411,0.95954406,300.46722,0,2.78E-07,88.37999725,22.87999916
28/09/18 12:00,305.15195,-0.2560885,0.43076277,300.96158,0,7.23E-06,88.37999725,22.87999916
29/09/18 12:00,305.8083,1.6041512,-0.1463083,300.50372,0,0,88.37999725,22.87999916
30/09/18 12:00,304.57776,1.9892626,0.6390025,299.5117,0,0,88.37999725,22.87999916
01/10/18 12:00,305.32718,1.135292,0.9662822,297.30582,0,0,88.37999725,22.87999916
02/10/18 12:00,304.68335,0.61033106,1.9418645,299.2905,0,0,88.37999725,22.87999916
03/10/18 12:00,305.05417,1.4862897,0.76301587,298.3846,0,0,88.37999725,22.87999916
04/10/18 12:00,304.81268,0.94855666,-1.2840866,298.4405,0,0,88.37999725,22.87999916
05/10/18 12:00,304.1813,1.2980993,-0.9471811,299.01965,0,0,88.37999725,22.87999916
06/10/18 12:00,305.18036,0.8599584,-0.85557485,297.51422,0,0,88.37999725,22.87999916
07/10/18 12:00,304.48746,0.12401092,-1.4167632,297.7351,0,0,88.37999725,22.87999916
08/10/18 12:00,304.7152,-0.20677745,0.76558274,296.73126,0,0,88.37999725,22.87999916
09/10/18 12:00,303.49936,-2.1116397,1.6346388,297.35184,0,0,88.37999725,22.87999916
10/10/18 12:00,298.6478,-2.8065217,-0.22684479,297.61905,0,0.000970318,88.37999725,22.87999916
11/10/18 12:00,299.86646,-2.6876903,0.15915269,297.96848,0,0.000110059,88.37999725,22.87999916
12/10/18 12:00,299.44223,-2.1418731,-1.2393264,297.8544,0,0.001246996,88.37999725,22.87999916
13/10/18 12:00,298.25824,1.0602744,-2.7815518,296.81836,0,2.78E-07,88.37999725,22.87999916
14/10/18 12:00,301.73553,0.68842053,0.5146683,297.27722,0,0,88.37999725,22.87999916
15/10/18 12:00,301.85425,-0.30701637,0.7501813,297.93527,0,0,88.37999725,22.87999916
16/10/18 12:00,302.1926,1.5587204,0.44824976,296.38052,0,0,88.37999725,22.87999916
17/10/18 12:00,302.05106,-0.3265791,0.6455802,296.99652,0,0,88.37999725,22.87999916
18/10/18 12:00,302.09232,-0.7846062,1.9784429,298.2886,0,0,88.37999725,22.87999916
19/10/18 12:00,303.27722,-0.12610137,0.33001196,297.28577,0,0,88.37999725,22.87999916
20/10/18 12:00,303.50842,0.37202132,0.38568157,296.984,0,0,88.37999725,22.87999916
21/10/18 12:00,303.2513,1.2316506,-1.3232318,296.89362,0,0,88.37999725,22.87999916
22/10/18 12:00,302.72647,0.69682765,-0.50567436,297.1546,0,0,88.37999725,22.87999916
23/10/18 12:00,302.42563,0.16103458,-0.5709698,296.92715,0,0,88.37999725,22.87999916
24/10/18 12:00,300.79337,-0.19837034,-1.1225325,296.53174,0,4.47E-05,88.37999725,22.87999916
25/10/18 12:00,301.44315,1.7346234,-1.6431316,293.4012,0,0,88.37999725,22.87999916
26/10/18 12:00,299.68716,1.1697288,-1.249273,293.83478,0,0,88.37999725,22.87999916
27/10/18 12:00,298.8665,1.7456174,-0.9069128,294.79556,0,0,88.37999725,22.87999916
28/10/18 12:00,299.71838,-2.3365307,0.7997546,295.3724,0,6.45E-05,88.37999725,22.87999916
29/10/18 12:00,298.46317,-1.6846545,0.1508103,294.55463,0,9.92E-06,88.37999725,22.87999916
30/10/18 12:00,298.70154,-2.638379,-0.7482463,295.53577,0,8.02E-05,88.37999725,22.87999916
31/10/18 12:00,300.7443,-1.3103753,0.81419337,295.74878,0,0,88.37999725,22.87999916
01/11/18 12:00,302.03265,-1.0908198,0.82349837,296.9107,0,1.01E-05,88.37999725,22.87999916
02/11/18 12:00,301.97922,-0.47241056,1.1461256,296.24643,0,3.04E-05,88.37999725,22.87999916
03/11/18 12:00,302.91797,0.5244813,1.0044649,296.60995,0,0,88.37999725,22.87999916
04/11/18 12:00,301.9933,1.6369715,1.296931,296.8269,0,0,88.37999725,22.87999916
05/11/18 12:00,301.90613,0.94241285,-0.25812888,297.85013,0,9.42E-05,88.37999725,22.87999916
06/11/18 12:00,302.22696,-0.7280197,0.6279328,296.41174,0,0,88.37999725,22.87999916
07/11/18 12:00,298.5363,-0.4227761,0.9709347,296.08044,0,0.000141306,88.37999725,22.87999916
08/11/18 12:00,298.02893,1.3150752,-1.8427082,293.52414,0,0,88.37999725,22.87999916
09/11/18 12:00,297.13736,1.8752813,-0.94958746,292.4746,0,0,88.37999725,22.87999916
10/11/18 12:00,296.97397,1.9118199,-1.1671323,292.40985,0,0,88.37999725,22.87999916
11/11/18 12:00,298.38757,-0.04510188,-1.749658,293.7585,0,0,88.37999725,22.87999916
12/11/18 12:00,298.3707,0.84185076,-1.6378375,293.05936,0,0,88.37999725,22.87999916
13/11/18 12:00,298.3835,1.2311656,-1.0824245,294.2588,0,0,88.37999725,22.87999916
14/11/18 12:00,300.34756,-0.02085054,-0.48080742,294.18515,0,0,88.37999725,22.87999916
15/11/18 12:00,299.46472,1.4979305,1.8836279,294.54608,0,0,88.37999725,22.87999916
16/11/18 12:00,300.07358,1.985059,1.3052734,292.07657,0,0,88.37999725,22.87999916
17/11/18 12:00,298.69342,2.1420462,0.21369934,292.7997,0,0,88.37999725,22.87999916
18/11/18 12:00,297.5688,-0.8019055,-2.036509,291.73276,0,0,88.37999725,22.87999916
19/11/18 12:00,297.97678,-0.09586799,-2.1906834,292.30664,0,0,88.37999725,22.87999916
20/11/18 12:00,298.77682,0.4944098,-2.046937,293.47156,0,0,88.37999725,22.87999916
21/11/18 12:00,297.19046,1.3352847,-2.0591297,291.7232,0,0,88.37999725,22.87999916
22/11/18 12:00,297.34293,0.8491261,-2.168223,291.06778,0,0,88.37999725,22.87999916
23/11/18 12:00,296.55286,1.4127274,-1.2410911,290.51196,0,0,88.37999725,22.87999916
24/11/18 12:00,296.2817,1.2678659,-1.7902471,291.04315,0,0,88.37999725,22.87999916
25/11/18 12:00,296.44257,0.37962008,-1.988861,291.34882,0,0,88.37999725,22.87999916
26/11/18 12:00,296.27856,-0.07016158,-1.3752116,291.42706,0,0,88.37999725,22.87999916
27/11/18 12:00,297.25357,-0.8504082,1.3009417,291.4491,0,0,88.37999725,22.87999916
28/11/18 12:00,298.72714,-0.8782164,-0.76412904,291.06253,0,0,88.37999725,22.87999916
29/11/18 12:00,296.9618,-0.7112055,-1.4788502,291.1,0,0,88.37999725,22.87999916
30/11/18 12:00,296.66064,0.7183304,-1.6388,290.76508,0,0,88.37999725,22.87999916
01/12/18 12:00,297.1305,0.49424803,-1.4770855,290.8571,0,0,88.37999725,22.87999916
02/12/18 12:00,296.6347,0.9545386,-1.3997575,290.3966,0,0,88.37999725,22.87999916
03/12/18 12:00,296.84683,-0.15213108,-2.027204,289.86508,0,0,88.37999725,22.87999916
04/12/18 12:00,295.45758,0.5482478,-2.396196,288.50262,0,0,88.37999725,22.87999916
05/12/18 12:00,295.3929,0.79270124,-2.3511147,288.66272,0,0,88.37999725,22.87999916
06/12/18 12:00,294.71033,1.5436847,-1.5401348,289.60608,0,0,88.37999725,22.87999916
07/12/18 12:00,294.91495,1.1867049,-1.8571469,288.59665,0,0,88.37999725,22.87999916
08/12/18 12:00,293.92245,1.4049668,-2.1706295,286.63168,0,0,88.37999725,22.87999916
09/12/18 12:00,294.43387,0.40613484,-2.2867818,288.3728,0,0,88.37999725,22.87999916
10/12/18 12:00,294.66846,-0.19723856,-2.4876418,289.41446,0,0,88.37999725,22.87999916
11/12/18 12:00,295.5863,1.0947113,-1.8759173,288.9605,0,0,88.37999725,22.87999916
12/12/18 12:00,297.26355,-0.105730176,-2.4146457,290.90442,0,0,88.37999725,22.87999916
13/12/18 12:00,297.41537,0.619385,-2.0140486,289.9292,0,0,88.37999725,22.87999916
14/12/18 12:00,297.4157,0.34421313,-2.2688136,289.515,0,0,88.37999725,22.87999916
15/12/18 12:00,296.9218,0.040424585,-1.846398,287.0465,0,0,88.37999725,22.87999916
16/12/18 12:00,295.98523,0.7254443,-1.8797678,288.5401,0,0,88.37999725,22.87999916
17/12/18 12:00,292.23926,-0.486638,-4.1647897,290.20956,0,0.001476943,88.37999725,22.87999916
18/12/18 12:00,290.39703,0.4672482,-3.068563,289.16562,0,0.000116364,88.37999725,22.87999916
19/12/18 12:00,292.41513,-0.59140384,-1.9274157,289.04434,0,0,88.37999725,22.87999916
20/12/18 12:00,293.74127,0.9728079,-1.8589116,289.37796,0,0,88.37999725,22.87999916
21/12/18 12:00,292.91217,1.4190328,-2.0257602,287.59314,0,0,88.37999725,22.87999916
22/12/18 12:00,293.74597,0.745492,-2.3248038,287.68713,0,0,88.37999725,22.87999916
23/12/18 12:00,293.8656,1.446841,-1.8746339,288.3879,0,0,88.37999725,22.87999916
24/12/18 12:00,294.1674,1.928796,-1.3200232,288.45102,0,0,88.37999725,22.87999916
25/12/18 12:00,292.82376,1.2840335,-1.4833423,285.46976,0,0,88.37999725,22.87999916
26/12/18 12:00,292.06995,2.0864298,-1.52714,285.4152,0,0,88.37999725,22.87999916
27/12/18 12:00,292.27457,2.1591837,-1.4812566,285.75406,0,0,88.37999725,22.87999916
28/12/18 12:00,292.1421,2.4232001,-1.1218907,284.32095,0,0,88.37999725,22.87999916
29/12/18 12:00,291.41357,1.5713313,-1.8812116,284.3364,0,0,88.37999725,22.87999916
30/12/18 12:00,293.68127,0.91217947,-2.0278459,286.3671,0,0,88.37999725,22.87999916
31/12/18 12:00,292.37515,1.0740168,-2.4088697,286.72537,0,0,88.37999725,22.87999916
01/01/19 12:00,292.40796,1.2154832,-2.1807365,286.95447,0,0,88.37999725,22.87999916
02/01/19 12:00,292.9009,1.5942891,-1.8000335,287.69272,0,0,88.37999725,22.87999916
03/01/19 12:00,292.5682,2.1574054,-1.4692243,286.372,0,0,88.37999725,22.87999916
04/01/19 12:00,291.99902,-0.33223772,-2.3997254,285.6604,0,0,88.37999725,22.87999916
05/01/19 12:00,293.3817,1.4754574,-2.0478997,286.70203,0,0,88.37999725,22.87999916
06/01/19 12:00,293.6713,-0.27419627,-2.5960932,287.67334,0,0,88.37999725,22.87999916
07/01/19 12:00,294.07022,0.8376472,-2.2067266,287.89487,0,0,88.37999725,22.87999916
08/01/19 12:00,295.13144,2.0122206,-0.6752502,286.9916,0,0,88.37999725,22.87999916
09/01/19 12:00,294.63223,1.6350315,-1.0848311,286.8483,0,0,88.37999725,22.87999916
10/01/19 12:00,292.8422,0.59917545,-2.2476368,286.81412,0,0,88.37999725,22.87999916
11/01/19 12:00,293.6241,1.5939658,-2.0556002,286.19846,0,0,88.37999725,22.87999916
12/01/19 12:00,292.11087,0.78591084,-2.3787088,286.89664,0,0,88.37999725,22.87999916
13/01/19 12:00,294.1983,1.2088544,-2.0145302,287.48993,0,0,88.37999725,22.87999916
14/01/19 12:00,295.38544,0.25027955,-1.9370416,288.619,0,0,88.37999725,22.87999916
15/01/19 12:00,294.35513,0.93061066,-2.369885,285.6824,0,0,88.37999725,22.87999916
16/01/19 12:00,292.6757,1.94367,-1.8192853,283.95215,0,0,88.37999725,22.87999916
17/01/19 12:00,293.84216,2.33153,-0.97589815,286.87592,0,0,88.37999725,22.87999916
18/01/19 12:00,294.6997,1.72945,-1.8465585,287.56815,0,0,88.37999725,22.87999916
19/01/19 12:00,294.34326,1.9480355,-1.5406162,285.8448,0,0,88.37999725,22.87999916
20/01/19 12:00,294.26016,1.7161925,-1.7515832,287.20428,0,0,88.37999725,22.87999916
21/01/19 12:00,296.03677,0.9799216,-1.5386909,288.74554,0,0,88.37999725,22.87999916
22/01/19 12:00,297.81088,-0.8085342,-1.7918514,289.26062,0,0,88.37999725,22.87999916
23/01/19 12:00,298.09985,-1.5643678,-0.32615173,288.97794,0,0,88.37999725,22.87999916
24/01/19 12:00,298.3932,-1.5598409,-1.8021191,290.7046,0,0,88.37999725,22.87999916
25/01/19 12:00,297.61002,-0.27629805,-2.4812245,289.99756,0,0,88.37999725,22.87999916
26/01/19 12:00,297.6272,0.73385143,-2.8795753,289.14688,0,0,88.37999725,22.87999916
27/01/19 12:00,296.48257,1.5561337,0.9374046,289.95087,0,0.000107185,88.37999725,22.87999916
28/01/19 12:00,295.68033,1.1490345,-1.1188425,290.07776,0,0,88.37999725,22.87999916
29/01/19 12:00,293.7847,1.970185,-1.5289046,285.01385,0,0,88.37999725,22.87999916
30/01/19 12:00,294.57507,1.3983383,-1.6076764,281.68774,0,0,88.37999725,22.87999916
31/01/19 12:00,295.5082,0.12999284,-2.195015,288.0543,0,0,88.37999725,22.87999916
01/02/19 12:00,297.21576,1.2282555,-1.5656434,288.98154,0,0,88.37999725,22.87999916
02/02/19 12:00,298.49597,1.6625161,-1.4236618,288.8238,0,0,88.37999725,22.87999916
03/02/19 12:00,296.89026,0.8617368,-2.2821293,287.04782,0,0,88.37999725,22.87999916
04/02/19 12:00,297.1236,1.290339,-2.3052316,286.99918,0,0,88.37999725,22.87999916
05/02/19 12:00,297.3326,1.3960748,-1.82105,286.23724,0,0,88.37999725,22.87999916
06/02/19 12:00,297.41165,0.8057971,-2.0166154,289.02988,0,0,88.37999725,22.87999916
07/02/19 12:00,299.645,-2.3544767,0.151452,290.76508,0,0,88.37999725,22.87999916
08/02/19 12:00,299.3151,-0.72607964,-1.6259655,291.23837,0,0,88.37999725,22.87999916
09/02/19 12:00,297.8799,0.30492592,-0.43219686,291.76035,0,2.32E-06,88.37999725,22.87999916
10/02/19 12:00,295.6138,0.9298022,-2.3076377,283.9081,0,0,88.37999725,22.87999916
11/02/19 12:00,296.541,0.360219,-2.4366245,286.0328,0,0,88.37999725,22.87999916
12/02/19 12:00,297.39633,0.8188927,-2.3915434,284.98822,0,0,88.37999725,22.87999916
13/02/19 12:00,298.38477,1.241998,-2.1128745,288.2101,0,0,88.37999725,22.87999916
14/02/19 12:00,300.15417,0.50200856,-2.2378502,288.0658,0,0,88.37999725,22.87999916
15/02/19 12:00,300.8955,-0.60029596,-1.9357582,288.9809,0,0,88.37999725,22.87999916
16/02/19 12:00,298.79868,0.40467978,0.95473117,290.1389,0,0,88.37999725,22.87999916
17/02/19 12:00,298.66592,1.9815023,-0.7519362,290.1011,0,0,88.37999725,22.87999916
18/02/19 12:00,299.04987,1.3939729,-0.32182014,286.3704,0,0,88.37999725,22.87999916
19/02/19 12:00,302.05106,1.1967287,0.03096819,289.11172,0,0,88.37999725,22.87999916
20/02/19 12:00,301.81738,0.41421866,-2.0856009,290.58755,0,0,88.37999725,22.87999916
21/02/19 12:00,302.072,-0.036856413,-1.9171482,288.76068,0,0,88.37999725,22.87999916
22/02/19 12:00,302.66025,0.76925826,-1.7233473,293.13464,0,0,88.37999725,22.87999916
23/02/19 12:00,303.5031,1.9535325,-0.9288918,293.13266,0,0,88.37999725,22.87999916
24/02/19 12:00,302.4222,-1.2596092,-0.53824186,289.0072,0,0,88.37999725,22.87999916
25/02/19 12:00,298.47287,1.2381177,1.4584852,291.59436,0,0,88.37999725,22.87999916
26/02/19 12:00,296.25797,-1.2683396,2.7979255,292.68204,0,0.000337039,88.37999725,22.87999916
27/02/19 12:00,296.49506,-1.267208,1.4280033,292.97128,0,0.000309222,88.37999725,22.87999916
28/02/19 12:00,296.5463,0.2717824,-1.4689034,289.32635,0,0,88.37999725,22.87999916
01/03/19 12:00,297.37634,0.60839105,-1.1520518,287.82355,0,0,88.37999725,22.87999916
02/03/19 12:00,298.13046,0.5049187,-1.0813016,287.71213,0,0,88.37999725,22.87999916
03/03/19 12:00,298.60437,2.0002565,-0.6394739,291.51974,0,0,88.37999725,22.87999916
04/03/19 12:00,298.60406,-1.2870941,1.102007,295.0148,0,0.001511156,88.37999725,22.87999916
05/03/19 12:00,299.172,-0.8313305,-0.026947498,294.72028,0,9.29E-08,88.37999725,22.87999916
06/03/19 12:00,299.43347,-1.3650217,-0.6441264,293.48505,0,4.45E-06,88.37999725,22.87999916
07/03/19 12:00,299.89304,-0.24040604,-1.3976718,289.1012,0,0,88.37999725,22.87999916
08/03/19 12:00,299.37912,2.2080097,0.6189486,291.27258,0,0,88.37999725,22.87999916
09/03/19 12:00,301.93298,0.47500873,1.1551098,289.88483,0,0,88.37999725,22.87999916
10/03/19 12:00,301.68558,0.24510586,2.3775957,295.65903,0,0,88.37999725,22.87999916
11/03/19 12:00,303.3216,0.23702216,-0.27288854,296.56033,0,0.000153545,88.37999725,22.87999916
12/03/19 12:00,303.36438,0.36781776,1.804054,296.41208,0,0,88.37999725,22.87999916
13/03/19 12:00,304.86453,-1.020006,-0.3957789,296.7605,0,6.92E-05,88.37999725,22.87999916
14/03/19 12:00,304.08167,-0.5731345,1.4326558,296.77826,0,0,88.37999725,22.87999916
15/03/19 12:00,302.58432,-0.033299565,-0.6446078,296.17575,0,0.00088687,88.37999725,22.87999916
16/03/19 12:00,302.42438,1.4162843,0.5271819,296.49097,0,0,88.37999725,22.87999916
17/03/19 12:00,303.8864,-0.49844033,-1.2268127,296.8269,0,0.000376352,88.37999725,22.87999916
18/03/19 12:00,300.65216,0.12384915,0.94751173,293.9176,0,0,88.37999725,22.87999916
19/03/19 12:00,301.76337,0.44639206,1.6516445,294.3002,0,0,88.37999725,22.87999916
20/03/19 12:00,302.92392,1.0319812,1.5006787,296.01764,0,1.11E-06,88.37999725,22.87999916
21/03/19 12:00,304.49902,0.47614038,2.2296782,294.48,0,0.000284652,88.37999725,22.87999916
22/03/19 12:00,301.17322,0.057562232,-1.4377798,297.70486,0,0.003521055,88.37999725,22.87999916
23/03/19 12:00,303.37128,0.5388706,1.9169977,293.37656,0,0,88.37999725,22.87999916
24/03/19 12:00,302.73648,0.7842941,1.6976881,292.81876,0,0,88.37999725,22.87999916
25/03/19 12:00,303.89517,-0.044940114,1.8276374,293.67798,0,0,88.37999725,22.87999916
26/03/19 12:00,302.80582,-0.8277736,-3.9469242,290.86664,0,0,88.37999725,22.87999916
27/03/19 12:00,302.43533,0.36232078,1.150778,296.12613,0,0,88.37999725,22.87999916
28/03/19 12:00,303.99667,-0.60967314,1.4908923,296.95938,0,6.49E-07,88.37999725,22.87999916
29/03/19 12:00,303.78864,-0.003551245,2.1991963,297.63287,0,0.000408433,88.37999725,22.87999916
30/03/19 12:00,305.2519,-0.7766841,0.7283627,297.7538,0,0,88.37999725,22.87999916
31/03/19 12:00,305.16006,-0.113167286,3.8392844,298.32544,0,0.00013259,88.37999725,22.87999916
01/04/19 12:00,303.95328,-0.22440016,3.7518497,297.22757,0,0,88.37999725,22.87999916
02/04/19 12:00,305.9298,-0.4688537,2.0947554,296.49164,0,8.07E-06,88.37999725,22.87999916
03/04/19 12:00,305.3194,-1.0356884,1.2330793,296.8187,0,0,88.37999725,22.87999916
04/04/19 12:00,305.6505,0.09442425,3.8906226,298.00037,0,0,88.37999725,22.87999916
05/04/19 12:00,303.30096,-0.34096825,1.753037,298.80862,0,0.000613809,88.37999725,22.87999916
06/04/19 12:00,304.69928,0.3991828,2.6121461,297.6102,0,4.64E-07,88.37999725,22.87999916
07/04/19 12:00,303.17758,-0.5721644,1.9052862,296.5587,0,0,88.37999725,22.87999916
08/04/19 12:00,302.0773,0.421494,3.6231837,295.26755,0,0.000285764,88.37999725,22.87999916
09/04/19 12:00,300.42346,-0.9318927,1.1016861,296.65927,0,0.001755753,88.37999725,22.87999916
10/04/19 12:00,299.6678,1.5367327,1.1056969,295.65213,0,6.49E-07,88.37999725,22.87999916
11/04/19 12:00,304.38437,-1.069317,1.5107858,299.13272,0,2.18E-05,88.37999725,22.87999916
12/04/19 12:00,303.52185,-1.1598554,1.3931897,298.734,0,0.001319503,88.37999725,22.87999916
13/04/19 12:00,303.53497,-0.58121824,1.0609367,298.30472,0,0,88.37999725,22.87999916
14/04/19 12:00,306.56805,-0.16587353,2.736641,300.65588,0,0,88.37999725,22.87999916
15/04/19 12:00,306.8951,-0.75291777,3.3936067,301.4119,0,0,88.37999725,22.87999916
16/04/19 12:00,308.73453,-0.69649297,0.50793016,302.75333,0,0,88.37999725,22.87999916
17/04/19 12:00,304.9567,-0.56666744,-1.8749548,297.97998,0,0,88.37999725,22.87999916
18/04/19 12:00,305.97824,0.2148726,0.4561109,296.9025,0,0,88.37999725,22.87999916
19/04/19 12:00,305.09946,0.5875349,-0.77006495,298.00824,0,0,88.37999725,22.87999916
20/04/19 12:00,305.7808,1.740444,-0.119035006,296.44266,0,0,88.37999725,22.87999916
21/04/19 12:00,301.86896,3.3251884,-0.2138499,297.49283,0,1.63E-05,88.37999725,22.87999916
22/04/19 12:00,305.30252,-1.1276819,0.48563027,297.9872,0,0,88.37999725,22.87999916
23/04/19 12:00,304.1029,-0.36974657,0.2417748,297.72458,0,0.000364206,88.37999725,22.87999916
24/04/19 12:00,306.41214,0.11204684,1.08821,298.26428,0,0.000172831,88.37999725,22.87999916
25/04/19 12:00,306.9701,-0.32431567,2.9288373,298.5325,0,0,88.37999725,22.87999916
26/04/19 12:00,305.504,-0.55615854,4.0370965,300.3479,0,0.000306997,88.37999725,22.87999916
27/04/19 12:00,309.11722,0.20080674,1.5725518,300.98987,0,0,88.37999725,22.87999916
28/04/19 12:00,308.55957,-0.83682746,4.900216,300.96982,0,0,88.37999725,22.87999916
29/04/19 12:00,307.03476,-0.70991206,6.295166,300.9057,0,0,88.37999725,22.87999916
30/04/19 12:00,305.4606,0.76845,5.6394835,298.5667,0,0,88.37999725,22.87999916
01/05/19 12:00,306.64145,-0.04105997,5.0798993,298.64395,0,0,88.37999725,22.87999916
02/05/19 12:00,305.62585,-0.5304521,2.4377575,298.71362,0,0,88.37999725,22.87999916
03/05/19 12:00,299.10483,-5.4502416,0.7594863,297.8978,0,0.002150927,88.37999725,22.87999916
04/05/19 12:00,300.61,3.0142863,-1.4031266,296.95642,0,0,88.37999725,22.87999916
05/05/19 12:00,305.85513,-0.037503123,2.6081352,300.5448,0,0.000128325,88.37999725,22.87999916
06/05/19 12:00,307.5049,-0.1713705,2.7968025,299.98404,0,0,88.37999725,22.87999916
07/05/19 12:00,307.42963,0.12934613,3.545535,300.40378,0,0,88.37999725,22.87999916
08/05/19 12:00,308.623,0.28051293,2.905254,301.1394,0,0,88.37999725,22.87999916
09/05/19 12:00,308.42462,-0.31493843,4.541171,302.33093,0,0,88.37999725,22.87999916
10/05/19 12:00,308.18564,-0.36344123,4.6446495,302.01868,0,0,88.37999725,22.87999916
11/05/19 12:00,308.0863,0.07874167,2.905254,302.26617,0,0,88.37999725,22.87999916
12/05/19 12:00,307.4987,0.16814828,3.6871958,301.17624,0,0,88.37999725,22.87999916
13/05/19 12:00,307.57803,-0.09522128,3.5875678,300.87152,0,5.18E-05,88.37999725,22.87999916
14/05/19 12:00,304.67615,2.2515006,-1.3145686,300.0087,0,0.004623686,88.37999725,22.87999916
15/05/19 12:00,306.74643,0.6509118,1.0047857,300.6332,0,0.000498001,88.37999725,22.87999916
16/05/19 12:00,308.0313,0.3113929,1.9810097,300.54974,0,0,88.37999725,22.87999916
17/05/19 12:00,308.79263,0.039131165,3.3924837,301.3547,0,0,88.37999725,22.87999916
18/05/19 12:00,309.00256,-0.38542902,3.4447842,301.89343,0,0,88.37999725,22.87999916
19/05/19 12:00,305.66458,-0.005653024,1.680522,300.2411,0,0.002797002,88.37999725,22.87999916
20/05/19 12:00,305.45465,2.3357337,2.0371606,300.53067,0,0.004174363,88.37999725,22.87999916
21/05/19 12:00,308.14752,-0.08843088,3.1064348,300.88074,0,0,88.37999725,22.87999916
22/05/19 12:00,307.65738,0.4134103,5.360975,301.00696,0,0,88.37999725,22.87999916
23/05/19 12:00,305.9854,0.06305921,3.011941,299.63397,0,0,88.37999725,22.87999916
24/05/19 12:00,308.5796,0.07486153,3.8019042,301.15323,0,0.000557249,88.37999725,22.87999916
25/05/19 12:00,304.1051,-0.68420565,3.9212651,299.96005,0,0,88.37999725,22.87999916
26/05/19 12:00,307.439,-0.6536489,3.1568103,300.76108,0,0,88.37999725,22.87999916
27/05/19 12:00,308.255,-0.1809094,4.290738,300.82913,0,2.32E-06,88.37999725,22.87999916
28/05/19 12:00,308.01288,0.65075016,4.5796747,300.81433,0,1.33E-05,88.37999725,22.87999916
29/05/19 12:00,307.82138,0.031694055,4.1116967,299.67572,0,0,88.37999725,22.87999916
30/05/19 12:00,307.13754,-0.48566794,5.092092,300.9938,0,0,88.37999725,22.87999916
31/05/19 12:00,306.45526,0.20226192,4.739785,299.1534,0,0,88.37999725,22.87999916
01/06/19 12:00,307.27905,-1.2959862,3.169805,300.67233,0,0.000110245,88.37999725,22.87999916
02/06/19 12:00,301.55872,-1.8034861,2.6705432,298.05197,0,5.09E-05,88.37999725,22.87999916
03/06/19 12:00,304.27692,0.91945505,1.4304098,299.43445,0,0.00077607,88.37999725,22.87999916
04/06/19 12:00,303.4403,-1.4507098,2.230801,300.07608,0,0.002326632,88.37999725,22.87999916
05/06/19 12:00,300.54532,-2.6366005,2.4764214,298.82474,0,1.06E-05,88.37999725,22.87999916
06/06/19 12:00,303.67368,-2.1397715,1.1977844,299.63922,0,4.39E-05,88.37999725,22.87999916
07/06/19 12:00,303.4581,-1.3659918,2.0955577,299.2724,0,9.46E-06,88.37999725,22.87999916
08/06/19 12:00,304.61368,-2.3863268,0.37589526,300.32916,0,9.27E-07,88.37999725,22.87999916
09/06/19 12:00,306.60522,-1.5905592,2.4857264,301.14566,0,0,88.37999725,22.87999916
10/06/19 12:00,307.7508,-1.6751156,3.9839935,301.00696,0,4.64E-07,88.37999725,22.87999916
11/06/19 12:00,307.76077,-1.3018066,3.2461705,300.49155,0,4.64E-07,88.37999725,22.87999916
12/06/19 12:00,307.1085,-0.83682746,1.7055492,301.99896,0,4.27E-06,88.37999725,22.87999916
13/06/19 12:00,307.89386,-0.37152493,0.91783196,300.4692,0,0,88.37999725,22.87999916
14/06/19 12:00,307.78482,0.21309412,-0.7392622,303.22827,0,0.002910028,88.37999725,22.87999916
15/06/19 12:00,305.02228,0.1978966,4.521599,300.1211,0,0,88.37999725,22.87999916
16/06/19 12:00,307.9426,-0.5205899,4.1972065,301.2528,0,0,88.37999725,22.87999916
17/06/19 12:00,306.88043,0.33095562,1.068156,301.28503,0,0.000108668,88.37999725,22.87999916
18/06/19 12:00,305.14914,-0.8169413,2.2539034,301.0592,0,2.78E-07,88.37999725,22.87999916
19/06/19 12:00,307.7258,-0.41048872,0.761572,301.1578,0,1.10E-05,88.37999725,22.87999916
20/06/19 12:00,304.78082,-1.3132856,2.1743293,299.94788,0,0.00064487,88.37999725,22.87999916
21/06/19 12:00,304.0123,-3.061646,-0.21144342,301.03915,0,0.000802217,88.37999725,22.87999916
22/06/19 12:00,304.79236,-1.3871713,2.8965907,300.00903,0,1.39E-05,88.37999725,22.87999916
23/06/19 12:00,305.20004,-0.9045695,2.4594157,300.24667,0,1.58E-06,88.37999725,22.87999916
24/06/19 12:00,307.1035,0.08472371,1.8489748,299.8197,0,2.32E-06,88.37999725,22.87999916
25/06/19 12:00,307.54147,0.2158426,3.9280033,299.84335,0,0,88.37999725,22.87999916
26/06/19 12:00,306.9526,-0.73723525,4.0610003,299.68198,0,0,88.37999725,22.87999916
27/06/19 12:00,305.2844,-0.35600412,3.3851037,300.508,0,1.04E-05,88.37999725,22.87999916
28/06/19 12:00,304.51028,-1.5761701,3.6806183,299.9413,0,6.27E-05,88.37999725,22.87999916
29/06/19 12:00,302.37158,-1.0830594,1.0936646,299.7799,0,0.000567263,88.37999725,22.87999916
30/06/19 12:00,304.7877,-1.1302687,0.56119335,300.12244,0,8.88E-05,88.37999725,22.87999916
01/07/19 12:00,303.92358,-3.1909864,0.3564831,299.84302,0,0.000146684,88.37999725,22.87999916
02/07/19 12:00,302.56998,-2.8527608,2.327862,299.7145,0,0.000490305,88.37999725,22.87999916
03/07/19 12:00,304.10135,-0.5346557,2.009406,300.37222,0,7.83E-05,88.37999725,22.87999916
04/07/19 12:00,304.17694,-0.03103602,2.5606477,300.50504,0,0.000148816,88.37999725,22.87999916
05/07/19 12:00,303.67834,-2.121502,0.6720513,300.05865,0,4.35E-05,88.37999725,22.87999916
06/07/19 12:00,302.12637,-0.06078434,1.7554433,300.79492,0,0.000523592,88.37999725,22.87999916
07/07/19 12:00,303.5181,0.3144648,2.2835832,299.71353,0,3.07E-05,88.37999725,22.87999916
08/07/19 12:00,304.03513,-0.47709912,3.0634394,300.4179,0,3.06E-05,88.37999725,22.87999916
09/07/19 12:00,304.5165,0.04414308,4.189506,300.58524,0,0.000246636,88.37999725,22.87999916
10/07/19 12:00,304.47873,0.24510586,3.196437,300.6904,0,6.19E-05,88.37999725,22.87999916
11/07/19 12:00,303.0395,0.18496263,3.3372955,300.32425,0,5.40E-05,88.37999725,22.87999916
12/07/19 12:00,303.50217,0.3886739,4.0520163,300.16745,0,6.49E-06,88.37999725,22.87999916
13/07/19 12:00,304.08978,0.14632213,3.437725,300.5931,0,0.000895586,88.37999725,22.87999916
14/07/19 12:00,306.44183,0.1304779,2.5839102,301.0944,0,0.000441071,88.37999725,22.87999916
15/07/19 12:00,305.38937,-0.52932036,2.3307498,300.07376,0,0,88.37999725,22.87999916
16/07/19 12:00,303.3522,-0.11640084,-0.6239121,299.7201,0,0.001193775,88.37999725,22.87999916
17/07/19 12:00,307.54367,-0.89583904,0.22765684,301.1749,0,0.000348999,88.37999725,22.87999916
18/07/19 12:00,306.56335,-1.4128777,1.9307947,299.94855,0,8.25E-06,88.37999725,22.87999916
19/07/19 12:00,306.0154,-1.3073035,2.4863682,299.94986,0,0.000207786,88.37999725,22.87999916
20/07/19 12:00,305.70956,-0.52155995,3.361681,300.00836,0,1.85E-05,88.37999725,22.87999916
21/07/19 12:00,306.2119,0.34744656,3.1840835,299.94327,0,4.27E-06,88.37999725,22.87999916
22/07/19 12:00,306.28064,-0.12076604,4.1845326,300.1244,0,3.66E-05,88.37999725,22.87999916
23/07/19 12:00,306.0329,0.02522707,3.7802458,299.51465,0,7.42E-07,88.37999725,22.87999916
24/07/19 12:00,303.39,-0.5078175,1.2791231,300.0774,0,0.000252941,88.37999725,22.87999916
25/07/19 12:00,304.31754,-0.19465184,2.3565793,300.33902,0,0.00015679,88.37999725,22.87999916
26/07/19 12:00,302.9867,-1.0903349,0.93467724,299.4923,0,9.42E-05,88.37999725,22.87999916
27/07/19 12:00,302.45093,-2.2134955,1.3402474,300.1208,0,0.000137504,88.37999725,22.87999916
28/07/19 12:00,303.4022,-4.485038,2.3445468,298.87173,0,1.31E-05,88.37999725,22.87999916
29/07/19 12:00,303.20132,-2.1400948,4.2328224,299.47324,0,3.49E-05,88.37999725,22.87999916
30/07/19 12:00,303.6068,0.005017638,4.2655506,299.2287,0,4.15E-05,88.37999725,22.87999916
31/07/19 12:00,303.21945,-0.4391054,2.0609045,299.6458,0,8.16E-06,88.37999725,22.87999916
01/08/19 12:00,303.17728,-0.6066013,2.2014422,299.58105,0,3.96E-05,88.37999725,22.87999916
02/08/19 12:00,303.62805,-0.7658518,1.988229,299.99783,0,0.000114417,88.37999725,22.87999916
03/08/19 12:00,303.31067,0.112208605,1.8829863,300.28546,0,0.002553889,88.37999725,22.87999916
04/08/19 12:00,303.80862,1.3778055,1.2364484,300.37946,0,0.000367173,88.37999725,22.87999916
05/08/19 12:00,305.5396,-0.6788703,0.80488837,301.27844,0,0.004149236,88.37999725,22.87999916
06/08/19 12:00,304.20975,-4.461919,0.44135123,300.29532,0,3.51E-05,88.37999725,22.87999916
07/08/19 12:00,301.78336,-5.268195,3.1823187,299.09,0,0.000104125,88.37999725,22.87999916
08/08/19 12:00,301.644,-2.0280535,3.1747785,299.773,0,0.000490769,88.37999725,22.87999916
09/08/19 12:00,303.59714,-0.60530794,1.7875297,301.13153,0,1.51E-05,88.37999725,22.87999916
10/08/19 12:00,305.4909,-0.7480675,0.8926443,300.58423,0,0.000262399,88.37999725,22.87999916
11/08/19 12:00,304.9261,0.020700097,-0.43925583,301.0431,0,0.000129623,88.37999725,22.87999916
12/08/19 12:00,302.78302,-0.005329609,1.1804578,300.2128,0,0.000131292,88.37999725,22.87999916
13/08/19 12:00,301.42783,-2.2634532,3.8168244,299.42163,0,0.000410751,88.37999725,22.87999916
14/08/19 12:00,302.80832,-0.7095887,4.5644336,300.25226,0,1.85E-06,88.37999725,22.87999916
15/08/19 12:00,302.22757,-0.3813871,1.8502584,300.68878,0,0.000360589,88.37999725,22.87999916
16/08/19 12:00,302.58557,0.39530253,2.5046573,300.11914,0,0.001692147,88.37999725,22.87999916
17/08/19 12:00,302.24475,0.38883555,0.5300697,299.82,0,0.002035212,88.37999725,22.87999916
18/08/19 12:00,303.06918,-0.030389309,4.4524527,298.74847,0,3.05E-05,88.37999725,22.87999916
19/08/19 12:00,304.26004,-0.6783853,2.6673346,299.4443,0,4.80E-05,88.37999725,22.87999916
20/08/19 12:00,304.69928,-0.030874372,2.249732,300.36664,0,2.32E-06,88.37999725,22.87999916
21/08/19 12:00,304.85983,-0.38462067,1.8279583,300.06555,0,0,88.37999725,22.87999916
22/08/19 12:00,304.2107,-0.4011116,1.3134553,300.18848,0,4.78E-05,88.37999725,22.87999916
23/08/19 12:00,303.72177,-0.4631951,0.796546,300.11255,0,0.001203232,88.37999725,22.87999916
24/08/19 12:00,302.3513,-1.176508,2.081921,299.85617,0,0.000169771,88.37999725,22.87999916
25/08/19 12:00,302.45062,-3.2820096,-0.44888163,299.30594,0,0.000234397,88.37999725,22.87999916
26/08/19 12:00,303.29285,-1.5147333,3.1117291,299.324,0,2.01E-05,88.37999725,22.87999916
27/08/19 12:00,303.69116,-1.6659001,1.3124928,300.21545,0,3.78E-05,88.37999725,22.87999916
28/08/19 12:00,304.51996,-0.7491992,0.9985289,300.53165,0,6.17E-05,88.37999725,22.87999916
29/08/19 12:00,303.83017,-0.9200904,1.390302,300.36926,0,4.17E-06,88.37999725,22.87999916
30/08/19 12:00,304.84735,-0.109125376,1.2285873,300.03992,0,4.36E-06,88.37999725,22.87999916
31/08/19 12:00,305.0651,-0.7509777,0.960988,300.1842,0,1.85E-06,88.37999725,22.87999916
01/09/19 12:00,304.02576,0.361189,0.29808617,300.8837,0,0.000294202,88.37999725,22.87999916
02/09/19 12:00,304.32782,-1.7360673,1.0153742,300.20493,0,3.76E-05,88.37999725,22.87999916
03/09/19 12:00,303.40314,-1.7220016,0.13589019,300.08725,0,1.58E-06,88.37999725,22.87999916
04/09/19 12:00,303.2741,-2.618978,1.0829157,299.97122,0,2.56E-05,88.37999725,22.87999916
05/09/19 12:00,303.66617,-3.132298,0.87146735,299.99194,0,1.67E-05,88.37999725,22.87999916
06/09/19 12:00,303.48404,-2.9576883,0.30915588,300.07114,0,7.42E-07,88.37999725,22.87999916
07/09/19 12:00,302.8274,-2.7821088,2.4659934,300.14807,0,2.70E-05,88.37999725,22.87999916
08/09/19 12:00,303.405,-1.1011671,2.9407094,300.11224,0,5.51E-05,88.37999725,22.87999916
09/09/19 12:00,303.94638,-0.48502123,2.2763636,300.57834,0,5.13E-05,88.37999725,22.87999916
10/09/19 12:00,303.61868,-0.23005879,3.5304546,300.51752,0,1.03E-05,88.37999725,22.87999916
11/09/19 12:00,302.10605,-0.36538124,0.9345168,299.95874,0,0.000494663,88.37999725,22.87999916
12/09/19 12:00,301.09012,0.088603854,3.40981,299.64514,0,0.000290771,88.37999725,22.87999916
13/09/19 12:00,302.59088,-1.5127933,2.5957823,300.17172,0,3.46E-05,88.37999725,22.87999916
14/09/19 12:00,303.9642,-0.528512,1.711806,300.4909,0,2.60E-06,88.37999725,22.87999916
15/09/19 12:00,305.15662,0.42133236,1.4390731,299.8805,0,5.02E-05,88.37999725,22.87999916
16/09/19 12:00,304.63962,-0.31041157,1.6493983,300.2996,0,4.08E-06,88.37999725,22.87999916
17/09/19 12:00,304.83047,-0.7546962,1.0508294,299.8302,0,6.49E-07,88.37999725,22.87999916
18/09/19 12:00,303.22507,-0.80821085,1.2922784,299.8197,0,5.92E-05,88.37999725,22.87999916
19/09/19 12:00,304.33377,0.5679722,1.0991193,300.508,0,1.47E-05,88.37999725,22.87999916
20/09/19 12:00,304.31284,0.0420413,1.5815359,299.65305,0,0,88.37999725,22.87999916
21/09/19 12:00,301.8302,-0.6900259,0.91301906,298.66992,0,0,88.37999725,22.87999916
22/09/19 12:00,302.16415,-1.4203148,0.81531644,299.1751,0,0.000159108,88.37999725,22.87999916
23/09/19 12:00,302.17102,-1.8130249,1.6638372,299.0262,0,6.21E-06,88.37999725,22.87999916
24/09/19 12:00,299.81555,-2.472015,2.907821,298.2219,0,0.001565583,88.37999725,22.87999916
25/09/19 12:00,299.74057,-2.0949872,0.4102276,298.52133,0,0.0001503,88.37999725,22.87999916
26/09/19 12:00,299.70465,-0.17896926,0.88943565,298.04965,0,0.000183772,88.37999725,22.87999916
27/09/19 12:00,300.9989,0.13888502,0.9951598,298.8047,0,0.000570972,88.37999725,22.87999916
28/09/19 12:00,299.2067,0.06904113,1.0562841,298.2482,0,0.000414738,88.37999725,22.87999916
29/09/19 12:00,299.74963,-0.7221994,1.2749519,298.59003,0,8.48E-05,88.37999725,22.87999916
30/09/19 12:00,300.58093,0.5872116,1.0294921,298.50522,0,0.000625213,88.37999725,22.87999916
01/10/19 12:00,302.10168,0.66772604,1.1854312,298.80795,0,4.45E-06,88.37999725,22.87999916
02/10/19 12:00,302.88705,-1.063335,0.20455474,299.70956,0,0.000253034,88.37999725,22.87999916
03/10/19 12:00,301.42316,-0.4156624,0.559589,299.25992,0,4.64E-06,88.37999725,22.87999916
04/10/19 12:00,302.888,-0.6297209,1.1952176,298.96738,0,0.000135279,88.37999725,22.87999916
05/10/19 12:00,303.12946,1.0649631,0.07989967,299.95447,0,0.000162075,88.37999725,22.87999916
06/10/19 12:00,301.525,0.69650435,0.7885244,298.6321,0,0.003206548,88.37999725,22.87999916
07/10/19 12:00,301.28726,-0.76229495,0.72852314,298.614,0,0.001036614,88.37999725,22.87999916
08/10/19 12:00,300.64496,-0.005491257,1.2706202,297.78177,0,0,88.37999725,22.87999916
09/10/19 12:00,299.57907,-1.141101,0.36546725,297.978,0,0.000133888,88.37999725,22.87999916
10/10/19 12:00,301.01797,-0.8715877,0.3389961,298.37015,0,1.20E-05,88.37999725,22.87999916
11/10/19 12:00,303.15884,-1.5724516,-0.8161087,298.38724,0,0,88.37999725,22.87999916
12/10/19 12:00,302.6918,0.048023343,-0.91076314,298.26462,0,0,88.37999725,22.87999916
13/10/19 12:00,302.66275,-0.1429156,-1.0246693,298.28995,0,0,88.37999725,22.87999916
14/10/19 12:00,302.7168,0.7133186,-1.4236618,297.60623,0,0,88.37999725,22.87999916
15/10/19 12:00,303.3769,0.15990281,0.13396502,297.4521,0,0,88.37999725,22.87999916
16/10/19 12:00,301.33942,-0.33288443,1.5250642,298.26855,0,0,88.37999725,22.87999916
17/10/19 12:00,301.66495,0.17138183,0.789487,299.49887,0,3.71E-06,88.37999725,22.87999916
18/10/19 12:00,302.90704,-0.97150326,-0.5513972,299.31778,0,4.64E-07,88.37999725,22.87999916
19/10/19 12:00,304.06824,0.07178962,-1.6742553,299.47357,0,3.71E-07,88.37999725,22.87999916
20/10/19 12:00,303.41968,-0.8804799,-0.4087739,299.58533,0,0,88.37999725,22.87999916
21/10/19 12:00,302.74054,1.2381177,-0.4233731,299.15408,0,6.86E-06,88.37999725,22.87999916
22/10/19 12:00,303.11948,1.3757036,0.15289587,299.02554,0,4.64E-07,88.37999725,22.87999916
23/10/19 12:00,299.94113,0.73336625,-0.90482724,298.45395,0,0.001697246,88.37999725,22.87999916
24/10/19 12:00,296.68625,-3.2991474,-2.292397,295.72806,0,0.002173921,88.37999725,22.87999916
25/10/19 12:00,297.76154,0.85138965,3.4394898,296.9837,0,0.001950929,88.37999725,22.87999916
26/10/19 12:00,297.84525,0.8955269,-0.7755196,296.46304,0,0.001187377,88.37999725,22.87999916
27/10/19 12:00,300.0036,0.24413586,-1.3546764,296.88376,0,0,88.37999725,22.87999916
28/10/19 12:00,299.74182,0.39497924,-1.9721762,296.31677,0,0,88.37999725,22.87999916
29/10/19 12:00,300.22104,1.7965453,-1.0992697,296.43607,0,0,88.37999725,22.87999916
30/10/19 12:00,300.77087,0.99625087,-0.82364905,296.7135,0,0,88.37999725,22.87999916
31/10/19 12:00,300.6381,0.54129577,-0.058231592,296.4982,0,0,88.37999725,22.87999916
01/11/19 12:00,300.54156,1.2361774,-1.4536625,296.95642,0,0,88.37999725,22.87999916
02/11/19 12:00,300.59998,1.9169936,-0.7639686,296.6366,0,0,88.37999725,22.87999916
03/11/19 12:00,300.93768,1.4122424,-0.95231473,296.54785,0,0,88.37999725,22.87999916
04/11/19 12:00,302.11075,0.8457308,-0.04475534,296.39105,0,0,88.37999725,22.87999916
05/11/19 12:00,301.13293,1.3891227,-1.2006625,296.6024,0,0,88.37999725,22.87999916
06/11/19 12:00,300.51627,0.6460614,-0.9349884,294.68643,0,0,88.37999725,22.87999916
07/11/19 12:00,298.1514,-1.158562,-1.4068166,294.98883,0,0,88.37999725,22.87999916
08/11/19 12:00,297.91272,-3.2027888,-1.7032934,296.31973,0,0.000763181,88.37999725,22.87999916
09/11/19 12:00,297.0508,-5.429709,-4.1312594,296.13235,0,0.002093996,88.37999725,22.87999916
10/11/19 12:00,298.91208,0.35536873,-4.1688004,294.96515,0,9.27E-07,88.37999725,22.87999916
11/11/19 12:00,299.72714,0.2077589,-1.8547405,296.4775,0,0,88.37999725,22.87999916
12/11/19 12:00,299.80994,1.3259075,-0.46316004,294.2831,0,0,88.37999725,22.87999916
13/11/19 12:00,299.38382,0.86755705,-1.4716307,294.59308,0,0,88.37999725,22.87999916
14/11/19 12:00,299.43347,1.3063447,-1.7698723,295.6219,0,0,88.37999725,22.87999916
15/11/19 12:00,299.15482,0.9579339,-1.8114241,294.96713,0,0,88.37999725,22.87999916
16/11/19 12:00,299.4822,1.171669,0.03642285,295.1305,0,0,88.37999725,22.87999916
17/11/19 12:00,298.60657,1.0099933,0.9349981,294.7285,0,0,88.37999725,22.87999916
18/11/19 12:00,299.21793,0.85090446,-0.09801853,294.51187,0,0,88.37999725,22.87999916
19/11/19 12:00,298.16077,0.82390475,-0.382784,292.74646,0,0,88.37999725,22.87999916
20/11/19 12:00,298.53003,-0.40871036,-0.6645012,292.38126,0,0,88.37999725,22.87999916
21/11/19 12:00,297.80307,1.2589738,-0.64476824,293.3749,0,0,88.37999725,22.87999916
22/11/19 12:00,298.5294,0.39400923,-0.63434017,293.27237,0,0,88.37999725,22.87999916
23/11/19 12:00,297.5772,1.3567877,-0.6139654,293.40417,0,0,88.37999725,22.87999916
24/11/19 12:00,298.6578,-0.006299734,-0.3173281,293.59384,0,0,88.37999725,22.87999916
25/11/19 12:00,298.9655,0.44089508,-0.73846006,293.91367,0,0,88.37999725,22.87999916
26/11/19 12:00,299.67465,-0.18123269,-0.108927846,294.5257,0,0,88.37999725,22.87999916
27/11/19 12:00,298.04395,-0.8845217,-1.2588989,294.87805,0,0,88.37999725,22.87999916
28/11/19 12:00,298.56876,-0.12286782,-1.8226544,294.50894,0,0,88.37999725,22.87999916
29/11/19 12:00,298.86243,0.10962176,-0.93065655,294.196,0,0,88.37999725,22.87999916
30/11/19 12:00,299.8396,-0.6507388,-0.90675235,293.89853,0,0,88.37999725,22.87999916
01/12/19 12:00,298.25262,0.10283136,-0.6675494,292.0736,0,0,88.37999725,22.87999916
02/12/19 12:00,295.7803,1.5850735,-2.034905,290.75125,0,0,88.37999725,22.87999916
03/12/19 12:00,296.6297,0.94516134,-1.1390568,291.4662,0,0,88.37999725,22.87999916
04/12/19 12:00,294.80185,0.46643984,-2.385126,288.89774,0,0,88.37999725,22.87999916
05/12/19 12:00,295.94244,0.2253815,-2.3864098,291.81064,0,0,88.37999725,22.87999916
06/12/19 12:00,298.62686,-1.3171657,0.4200139,292.31848,0,0,88.37999725,22.87999916
07/12/19 12:00,298.3476,-0.8352107,-1.1573459,293.14877,0,0,88.37999725,22.87999916
08/12/19 12:00,298.08704,-0.30135775,-0.52701163,293.3851,0,0,88.37999725,22.87999916
09/12/19 12:00,296.7684,-0.25237,-1.6625439,290.57474,0,0,88.37999725,22.87999916
10/12/19 12:00,296.70374,-0.51476955,-1.2184702,290.64508,0,0,88.37999725,22.87999916
11/12/19 12:00,296.47787,0.45754766,1.3148992,291.8925,0,0,88.37999725,22.87999916
12/12/19 12:00,296.12488,-0.9968863,-1.2054752,292.65375,0,0,88.37999725,22.87999916
13/12/19 12:00,296.47446,-1.0217843,-1.1478804,291.95166,0,0,88.37999725,22.87999916
14/12/19 12:00,296.64188,-0.9991498,-1.6055907,292.14032,0,0,88.37999725,22.87999916
15/12/19 12:00,296.0021,0.20759714,-1.6351103,292.31357,0,0,88.37999725,22.87999916
16/12/19 12:00,295.83185,-0.31105828,-1.6577309,291.12564,0,0,88.37999725,22.87999916
17/12/19 12:00,295.20673,0.83344364,-1.87688,290.29404,0,0,88.37999725,22.87999916
18/12/19 12:00,291.67163,0.4292544,-1.8696605,286.70105,0,0,88.37999725,22.87999916
19/12/19 12:00,290.71945,0.8415272,-2.3615427,285.65085,0,0,88.37999725,22.87999916
20/12/19 12:00,291.61633,0.7884977,-1.7329732,286.0463,0,0,88.37999725,22.87999916
21/12/19 12:00,290.41953,-0.06401789,-1.8613182,286.54065,0,0,88.37999725,22.87999916
22/12/19 12:00,290.9403,-0.1422689,-1.9883796,288.0155,0,0,88.37999725,22.87999916
23/12/19 12:00,293.25394,-0.2686993,-1.7944185,288.7209,0,0,88.37999725,22.87999916
24/12/19 12:00,292.21426,-0.65494233,-1.7199782,288.75967,0,0,88.37999725,22.87999916
25/12/19 12:00,293.54883,-0.3631178,-1.7389091,289.2307,0,0,88.37999725,22.87999916
26/12/19 12:00,289.766,0.25529146,-1.5263377,288.01486,0,0.000795263,88.37999725,22.87999916
27/12/19 12:00,289.52295,1.0609212,-1.491845,286.83713,0,0,88.37999725,22.87999916
28/12/19 12:00,290.9078,0.3768716,-2.2088122,286.7359,0,0,88.37999725,22.87999916
29/12/19 12:00,291.7644,1.231489,-1.822173,286.97748,0,0,88.37999725,22.87999916
30/12/19 12:00,291.9325,0.1898129,-2.2041597,287.38837,0,0,88.37999725,22.87999916
31/12/19 12:00,292.0337,2.1837585,-0.9750961,288.266,0,0,88.37999725,22.87999916